lsoa_code,n_oas,population_density,population_density_median,population_density_min,population_density_max,population_density_sd
E01000842,0,NA,NA,NA,NA,NA
E01000843,0,NA,NA,NA,NA,NA
E01000844,0,NA,NA,NA,NA,NA
E01000845,0,NA,NA,NA,NA,NA
E01000846,0,NA,NA,NA,NA,NA
E01000847,0,NA,NA,NA,NA,NA
E01000848,0,NA,NA,NA,NA,NA
E01000849,0,NA,NA,NA,NA,NA
E01000850,0,NA,NA,NA,NA,NA
E01000851,0,NA,NA,NA,NA,NA
E01000852,0,NA,NA,NA,NA,NA
E01000853,0,NA,NA,NA,NA,NA
E01000854,0,NA,NA,NA,NA,NA
E01000855,0,NA,NA,NA,NA,NA
E01000856,0,NA,NA,NA,NA,NA
E01000857,0,NA,NA,NA,NA,NA
E01000858,0,NA,NA,NA,NA,NA
E01000859,0,NA,NA,NA,NA,NA
E01000860,0,NA,NA,NA,NA,NA
E01000861,0,NA,NA,NA,NA,NA
E01000862,0,NA,NA,NA,NA,NA
E01000863,0,NA,NA,NA,NA,NA
E01000864,0,NA,NA,NA,NA,NA
E01000865,0,NA,NA,NA,NA,NA
E01000866,0,NA,NA,NA,NA,NA
E01000867,0,NA,NA,NA,NA,NA
E01000868,0,NA,NA,NA,NA,NA
E01000869,0,NA,NA,NA,NA,NA
E01000870,0,NA,NA,NA,NA,NA
E01000871,0,NA,NA,NA,NA,NA
E01000872,0,NA,NA,NA,NA,NA
E01000873,0,NA,NA,NA,NA,NA
E01000874,0,NA,NA,NA,NA,NA
E01000875,0,NA,NA,NA,NA,NA
E01000876,0,NA,NA,NA,NA,NA
E01000877,0,NA,NA,NA,NA,NA
E01000878,0,NA,NA,NA,NA,NA
E01000879,0,NA,NA,NA,NA,NA
E01000880,0,NA,NA,NA,NA,NA
E01000881,0,NA,NA,NA,NA,NA
E01000882,0,NA,NA,NA,NA,NA
E01000883,0,NA,NA,NA,NA,NA
E01000884,0,NA,NA,NA,NA,NA
E01000885,0,NA,NA,NA,NA,NA
E01000886,0,NA,NA,NA,NA,NA
E01000887,0,NA,NA,NA,NA,NA
E01000888,0,NA,NA,NA,NA,NA
E01000889,0,NA,NA,NA,NA,NA
E01000890,0,NA,NA,NA,NA,NA
E01000891,0,NA,NA,NA,NA,NA
E01000892,0,NA,NA,NA,NA,NA
E01000893,0,NA,NA,NA,NA,NA
E01000894,0,NA,NA,NA,NA,NA
E01000895,0,NA,NA,NA,NA,NA
E01000896,0,NA,NA,NA,NA,NA
E01000897,0,NA,NA,NA,NA,NA
E01000898,0,NA,NA,NA,NA,NA
E01000899,0,NA,NA,NA,NA,NA
E01000900,0,NA,NA,NA,NA,NA
E01000901,0,NA,NA,NA,NA,NA
E01000902,0,NA,NA,NA,NA,NA
E01000903,0,NA,NA,NA,NA,NA
E01000904,0,NA,NA,NA,NA,NA
E01000905,0,NA,NA,NA,NA,NA
E01000906,0,NA,NA,NA,NA,NA
E01000907,0,NA,NA,NA,NA,NA
E01000908,0,NA,NA,NA,NA,NA
E01000909,0,NA,NA,NA,NA,NA
E01000910,0,NA,NA,NA,NA,NA
E01000911,0,NA,NA,NA,NA,NA
E01000912,0,NA,NA,NA,NA,NA
E01000913,0,NA,NA,NA,NA,NA
E01000914,0,NA,NA,NA,NA,NA
E01000915,0,NA,NA,NA,NA,NA
E01000916,0,NA,NA,NA,NA,NA
E01000917,0,NA,NA,NA,NA,NA
E01000918,0,NA,NA,NA,NA,NA
E01000919,0,NA,NA,NA,NA,NA
E01000920,0,NA,NA,NA,NA,NA
E01000921,0,NA,NA,NA,NA,NA
E01000922,0,NA,NA,NA,NA,NA
E01000923,0,NA,NA,NA,NA,NA
E01000924,0,NA,NA,NA,NA,NA
E01000925,0,NA,NA,NA,NA,NA
E01000926,0,NA,NA,NA,NA,NA
E01000927,0,NA,NA,NA,NA,NA
E01000928,0,NA,NA,NA,NA,NA
E01000929,0,NA,NA,NA,NA,NA
E01000930,0,NA,NA,NA,NA,NA
E01000931,0,NA,NA,NA,NA,NA
E01000932,0,NA,NA,NA,NA,NA
E01000933,0,NA,NA,NA,NA,NA
E01000934,0,NA,NA,NA,NA,NA
E01000935,0,NA,NA,NA,NA,NA
E01000936,0,NA,NA,NA,NA,NA
E01000937,0,NA,NA,NA,NA,NA
E01000938,0,NA,NA,NA,NA,NA
E01000939,0,NA,NA,NA,NA,NA
E01000940,0,NA,NA,NA,NA,NA
E01000941,0,NA,NA,NA,NA,NA
E01000942,0,NA,NA,NA,NA,NA
E01000943,0,NA,NA,NA,NA,NA
E01000944,0,NA,NA,NA,NA,NA
E01000945,0,NA,NA,NA,NA,NA
E01000946,0,NA,NA,NA,NA,NA
E01000947,0,NA,NA,NA,NA,NA
E01000948,0,NA,NA,NA,NA,NA
E01000949,0,NA,NA,NA,NA,NA
E01000950,0,NA,NA,NA,NA,NA
E01000951,0,NA,NA,NA,NA,NA
E01000952,0,NA,NA,NA,NA,NA
E01000953,0,NA,NA,NA,NA,NA
E01000954,0,NA,NA,NA,NA,NA
E01000955,0,NA,NA,NA,NA,NA
E01000956,0,NA,NA,NA,NA,NA
E01000957,0,NA,NA,NA,NA,NA
E01000958,0,NA,NA,NA,NA,NA
E01000959,0,NA,NA,NA,NA,NA
E01000960,0,NA,NA,NA,NA,NA
E01000961,0,NA,NA,NA,NA,NA
E01000962,0,NA,NA,NA,NA,NA
E01000963,0,NA,NA,NA,NA,NA
E01000964,0,NA,NA,NA,NA,NA
E01000965,0,NA,NA,NA,NA,NA
E01000966,0,NA,NA,NA,NA,NA
E01000967,0,NA,NA,NA,NA,NA
E01000968,0,NA,NA,NA,NA,NA
E01000969,0,NA,NA,NA,NA,NA
E01000970,0,NA,NA,NA,NA,NA
E01000971,0,NA,NA,NA,NA,NA
E01000972,0,NA,NA,NA,NA,NA
E01000973,0,NA,NA,NA,NA,NA
E01000974,0,NA,NA,NA,NA,NA
E01001571,0,NA,NA,NA,NA,NA
E01001572,0,NA,NA,NA,NA,NA
E01001573,0,NA,NA,NA,NA,NA
E01001574,0,NA,NA,NA,NA,NA
E01001575,0,NA,NA,NA,NA,NA
E01001576,0,NA,NA,NA,NA,NA
E01001577,0,NA,NA,NA,NA,NA
E01001578,0,NA,NA,NA,NA,NA
E01001579,0,NA,NA,NA,NA,NA
E01001580,0,NA,NA,NA,NA,NA
E01001581,0,NA,NA,NA,NA,NA
E01001582,0,NA,NA,NA,NA,NA
E01001583,0,NA,NA,NA,NA,NA
E01001584,0,NA,NA,NA,NA,NA
E01001585,0,NA,NA,NA,NA,NA
E01001586,0,NA,NA,NA,NA,NA
E01001587,0,NA,NA,NA,NA,NA
E01001588,0,NA,NA,NA,NA,NA
E01001589,0,NA,NA,NA,NA,NA
E01001590,0,NA,NA,NA,NA,NA
E01001591,0,NA,NA,NA,NA,NA
E01001592,0,NA,NA,NA,NA,NA
E01001593,0,NA,NA,NA,NA,NA
E01001594,0,NA,NA,NA,NA,NA
E01001595,0,NA,NA,NA,NA,NA
E01001596,0,NA,NA,NA,NA,NA
E01001597,0,NA,NA,NA,NA,NA
E01001598,0,NA,NA,NA,NA,NA
E01001599,0,NA,NA,NA,NA,NA
E01001600,0,NA,NA,NA,NA,NA
E01001601,0,NA,NA,NA,NA,NA
E01001602,0,NA,NA,NA,NA,NA
E01001603,0,NA,NA,NA,NA,NA
E01001604,0,NA,NA,NA,NA,NA
E01001605,0,NA,NA,NA,NA,NA
E01001606,0,NA,NA,NA,NA,NA
E01001607,0,NA,NA,NA,NA,NA
E01001608,0,NA,NA,NA,NA,NA
E01001609,0,NA,NA,NA,NA,NA
E01001610,0,NA,NA,NA,NA,NA
E01001611,0,NA,NA,NA,NA,NA
E01001613,0,NA,NA,NA,NA,NA
E01001614,0,NA,NA,NA,NA,NA
E01001615,0,NA,NA,NA,NA,NA
E01001617,0,NA,NA,NA,NA,NA
E01001618,0,NA,NA,NA,NA,NA
E01001619,0,NA,NA,NA,NA,NA
E01001620,0,NA,NA,NA,NA,NA
E01001621,0,NA,NA,NA,NA,NA
E01001623,0,NA,NA,NA,NA,NA
E01001624,0,NA,NA,NA,NA,NA
E01001625,0,NA,NA,NA,NA,NA
E01001629,0,NA,NA,NA,NA,NA
E01001631,0,NA,NA,NA,NA,NA
E01001632,0,NA,NA,NA,NA,NA
E01001633,0,NA,NA,NA,NA,NA
E01001634,0,NA,NA,NA,NA,NA
E01001635,0,NA,NA,NA,NA,NA
E01001636,0,NA,NA,NA,NA,NA
E01001637,0,NA,NA,NA,NA,NA
E01001638,0,NA,NA,NA,NA,NA
E01001640,0,NA,NA,NA,NA,NA
E01001641,0,NA,NA,NA,NA,NA
E01001642,0,NA,NA,NA,NA,NA
E01001644,0,NA,NA,NA,NA,NA
E01001645,0,NA,NA,NA,NA,NA
E01001646,0,NA,NA,NA,NA,NA
E01001647,0,NA,NA,NA,NA,NA
E01001648,0,NA,NA,NA,NA,NA
E01001649,0,NA,NA,NA,NA,NA
E01001650,0,NA,NA,NA,NA,NA
E01001651,0,NA,NA,NA,NA,NA
E01001652,0,NA,NA,NA,NA,NA
E01001653,0,NA,NA,NA,NA,NA
E01001654,0,NA,NA,NA,NA,NA
E01001655,0,NA,NA,NA,NA,NA
E01001656,0,NA,NA,NA,NA,NA
E01001657,0,NA,NA,NA,NA,NA
E01001658,0,NA,NA,NA,NA,NA
E01001659,0,NA,NA,NA,NA,NA
E01001660,0,NA,NA,NA,NA,NA
E01001661,0,NA,NA,NA,NA,NA
E01001662,0,NA,NA,NA,NA,NA
E01001664,0,NA,NA,NA,NA,NA
E01001665,0,NA,NA,NA,NA,NA
E01001666,0,NA,NA,NA,NA,NA
E01001667,0,NA,NA,NA,NA,NA
E01001668,0,NA,NA,NA,NA,NA
E01001669,0,NA,NA,NA,NA,NA
E01001671,0,NA,NA,NA,NA,NA
E01001672,0,NA,NA,NA,NA,NA
E01001673,0,NA,NA,NA,NA,NA
E01001674,0,NA,NA,NA,NA,NA
E01001675,0,NA,NA,NA,NA,NA
E01001676,0,NA,NA,NA,NA,NA
E01001677,0,NA,NA,NA,NA,NA
E01001678,0,NA,NA,NA,NA,NA
E01001679,0,NA,NA,NA,NA,NA
E01001680,0,NA,NA,NA,NA,NA
E01001681,0,NA,NA,NA,NA,NA
E01001682,0,NA,NA,NA,NA,NA
E01001683,0,NA,NA,NA,NA,NA
E01001684,0,NA,NA,NA,NA,NA
E01001685,0,NA,NA,NA,NA,NA
E01001686,0,NA,NA,NA,NA,NA
E01001687,0,NA,NA,NA,NA,NA
E01001688,0,NA,NA,NA,NA,NA
E01001690,0,NA,NA,NA,NA,NA
E01001692,0,NA,NA,NA,NA,NA
E01001693,0,NA,NA,NA,NA,NA
E01001694,0,NA,NA,NA,NA,NA
E01001695,0,NA,NA,NA,NA,NA
E01001696,0,NA,NA,NA,NA,NA
E01001697,0,NA,NA,NA,NA,NA
E01001698,0,NA,NA,NA,NA,NA
E01001699,0,NA,NA,NA,NA,NA
E01001700,0,NA,NA,NA,NA,NA
E01001701,0,NA,NA,NA,NA,NA
E01001702,0,NA,NA,NA,NA,NA
E01001703,0,NA,NA,NA,NA,NA
E01001704,0,NA,NA,NA,NA,NA
E01001705,0,NA,NA,NA,NA,NA
E01001706,0,NA,NA,NA,NA,NA
E01001708,0,NA,NA,NA,NA,NA
E01001709,0,NA,NA,NA,NA,NA
E01001710,0,NA,NA,NA,NA,NA
E01001711,0,NA,NA,NA,NA,NA
E01001712,0,NA,NA,NA,NA,NA
E01001713,0,NA,NA,NA,NA,NA
E01001714,0,NA,NA,NA,NA,NA
E01001715,0,NA,NA,NA,NA,NA
E01001716,0,NA,NA,NA,NA,NA
E01001717,0,NA,NA,NA,NA,NA
E01001718,0,NA,NA,NA,NA,NA
E01001719,0,NA,NA,NA,NA,NA
E01001720,0,NA,NA,NA,NA,NA
E01001722,0,NA,NA,NA,NA,NA
E01001723,0,NA,NA,NA,NA,NA
E01001724,0,NA,NA,NA,NA,NA
E01001725,0,NA,NA,NA,NA,NA
E01001726,0,NA,NA,NA,NA,NA
E01001727,0,NA,NA,NA,NA,NA
E01001728,0,NA,NA,NA,NA,NA
E01001729,0,NA,NA,NA,NA,NA
E01001730,0,NA,NA,NA,NA,NA
E01001731,0,NA,NA,NA,NA,NA
E01001732,0,NA,NA,NA,NA,NA
E01001733,0,NA,NA,NA,NA,NA
E01001734,0,NA,NA,NA,NA,NA
E01001735,0,NA,NA,NA,NA,NA
E01001736,0,NA,NA,NA,NA,NA
E01001737,0,NA,NA,NA,NA,NA
E01001738,0,NA,NA,NA,NA,NA
E01001739,0,NA,NA,NA,NA,NA
E01001740,0,NA,NA,NA,NA,NA
E01001741,0,NA,NA,NA,NA,NA
E01001742,0,NA,NA,NA,NA,NA
E01001744,0,NA,NA,NA,NA,NA
E01001745,0,NA,NA,NA,NA,NA
E01001746,0,NA,NA,NA,NA,NA
E01001747,0,NA,NA,NA,NA,NA
E01001748,0,NA,NA,NA,NA,NA
E01001749,0,NA,NA,NA,NA,NA
E01001750,0,NA,NA,NA,NA,NA
E01001751,0,NA,NA,NA,NA,NA
E01001752,0,NA,NA,NA,NA,NA
E01001753,0,NA,NA,NA,NA,NA
E01001754,0,NA,NA,NA,NA,NA
E01001755,0,NA,NA,NA,NA,NA
E01001756,0,NA,NA,NA,NA,NA
E01001757,0,NA,NA,NA,NA,NA
E01001758,0,NA,NA,NA,NA,NA
E01001759,0,NA,NA,NA,NA,NA
E01001760,0,NA,NA,NA,NA,NA
E01001761,0,NA,NA,NA,NA,NA
E01001762,0,NA,NA,NA,NA,NA
E01001763,0,NA,NA,NA,NA,NA
E01001764,0,NA,NA,NA,NA,NA
E01001765,0,NA,NA,NA,NA,NA
E01001767,0,NA,NA,NA,NA,NA
E01001768,0,NA,NA,NA,NA,NA
E01001769,0,NA,NA,NA,NA,NA
E01001770,0,NA,NA,NA,NA,NA
E01001772,0,NA,NA,NA,NA,NA
E01001773,0,NA,NA,NA,NA,NA
E01001774,0,NA,NA,NA,NA,NA
E01001775,0,NA,NA,NA,NA,NA
E01001776,0,NA,NA,NA,NA,NA
E01001777,0,NA,NA,NA,NA,NA
E01001779,0,NA,NA,NA,NA,NA
E01001780,0,NA,NA,NA,NA,NA
E01001781,0,NA,NA,NA,NA,NA
E01001782,0,NA,NA,NA,NA,NA
E01001783,0,NA,NA,NA,NA,NA
E01001784,0,NA,NA,NA,NA,NA
E01001785,0,NA,NA,NA,NA,NA
E01001786,0,NA,NA,NA,NA,NA
E01001787,0,NA,NA,NA,NA,NA
E01001788,0,NA,NA,NA,NA,NA
E01001789,0,NA,NA,NA,NA,NA
E01001790,0,NA,NA,NA,NA,NA
E01001791,0,NA,NA,NA,NA,NA
E01001792,0,NA,NA,NA,NA,NA
E01001793,0,NA,NA,NA,NA,NA
E01001794,0,NA,NA,NA,NA,NA
E01001795,0,NA,NA,NA,NA,NA
E01001796,0,NA,NA,NA,NA,NA
E01001798,0,NA,NA,NA,NA,NA
E01001799,0,NA,NA,NA,NA,NA
E01001800,0,NA,NA,NA,NA,NA
E01001801,0,NA,NA,NA,NA,NA
E01001802,0,NA,NA,NA,NA,NA
E01001803,0,NA,NA,NA,NA,NA
E01001804,0,NA,NA,NA,NA,NA
E01001805,0,NA,NA,NA,NA,NA
E01001806,0,NA,NA,NA,NA,NA
E01001807,0,NA,NA,NA,NA,NA
E01001808,0,NA,NA,NA,NA,NA
E01001809,0,NA,NA,NA,NA,NA
E01001811,0,NA,NA,NA,NA,NA
E01001812,0,NA,NA,NA,NA,NA
E01001813,0,NA,NA,NA,NA,NA
E01001814,0,NA,NA,NA,NA,NA
E01001815,0,NA,NA,NA,NA,NA
E01001816,0,NA,NA,NA,NA,NA
E01001819,0,NA,NA,NA,NA,NA
E01001820,0,NA,NA,NA,NA,NA
E01001821,0,NA,NA,NA,NA,NA
E01001822,0,NA,NA,NA,NA,NA
E01001823,0,NA,NA,NA,NA,NA
E01001824,0,NA,NA,NA,NA,NA
E01001825,0,NA,NA,NA,NA,NA
E01001826,0,NA,NA,NA,NA,NA
E01001827,0,NA,NA,NA,NA,NA
E01001828,0,NA,NA,NA,NA,NA
E01001829,0,NA,NA,NA,NA,NA
E01001830,0,NA,NA,NA,NA,NA
E01001831,0,NA,NA,NA,NA,NA
E01001832,0,NA,NA,NA,NA,NA
E01001833,0,NA,NA,NA,NA,NA
E01001834,0,NA,NA,NA,NA,NA
E01001835,0,NA,NA,NA,NA,NA
E01001836,0,NA,NA,NA,NA,NA
E01001837,0,NA,NA,NA,NA,NA
E01001838,0,NA,NA,NA,NA,NA
E01001839,0,NA,NA,NA,NA,NA
E01001840,0,NA,NA,NA,NA,NA
E01001841,0,NA,NA,NA,NA,NA
E01001842,0,NA,NA,NA,NA,NA
E01001843,0,NA,NA,NA,NA,NA
E01001844,0,NA,NA,NA,NA,NA
E01001845,0,NA,NA,NA,NA,NA
E01001846,0,NA,NA,NA,NA,NA
E01001847,0,NA,NA,NA,NA,NA
E01001848,0,NA,NA,NA,NA,NA
E01001849,0,NA,NA,NA,NA,NA
E01001850,0,NA,NA,NA,NA,NA
E01001851,0,NA,NA,NA,NA,NA
E01001852,0,NA,NA,NA,NA,NA
E01001853,0,NA,NA,NA,NA,NA
E01001854,0,NA,NA,NA,NA,NA
E01001855,0,NA,NA,NA,NA,NA
E01001856,0,NA,NA,NA,NA,NA
E01001857,0,NA,NA,NA,NA,NA
E01001858,0,NA,NA,NA,NA,NA
E01001859,0,NA,NA,NA,NA,NA
E01001860,0,NA,NA,NA,NA,NA
E01001861,0,NA,NA,NA,NA,NA
E01001862,0,NA,NA,NA,NA,NA
E01001863,0,NA,NA,NA,NA,NA
E01001864,0,NA,NA,NA,NA,NA
E01001865,0,NA,NA,NA,NA,NA
E01001866,0,NA,NA,NA,NA,NA
E01001867,0,NA,NA,NA,NA,NA
E01001868,0,NA,NA,NA,NA,NA
E01001869,0,NA,NA,NA,NA,NA
E01001870,0,NA,NA,NA,NA,NA
E01001871,0,NA,NA,NA,NA,NA
E01001872,0,NA,NA,NA,NA,NA
E01001873,0,NA,NA,NA,NA,NA
E01001874,0,NA,NA,NA,NA,NA
E01001875,0,NA,NA,NA,NA,NA
E01001876,0,NA,NA,NA,NA,NA
E01001877,0,NA,NA,NA,NA,NA
E01001878,0,NA,NA,NA,NA,NA
E01001879,0,NA,NA,NA,NA,NA
E01001880,0,NA,NA,NA,NA,NA
E01001881,0,NA,NA,NA,NA,NA
E01001882,0,NA,NA,NA,NA,NA
E01001883,0,NA,NA,NA,NA,NA
E01001884,0,NA,NA,NA,NA,NA
E01001885,0,NA,NA,NA,NA,NA
E01001886,0,NA,NA,NA,NA,NA
E01001887,0,NA,NA,NA,NA,NA
E01001888,0,NA,NA,NA,NA,NA
E01001889,0,NA,NA,NA,NA,NA
E01001890,0,NA,NA,NA,NA,NA
E01001891,0,NA,NA,NA,NA,NA
E01001892,0,NA,NA,NA,NA,NA
E01001893,0,NA,NA,NA,NA,NA
E01001894,0,NA,NA,NA,NA,NA
E01001895,0,NA,NA,NA,NA,NA
E01001896,0,NA,NA,NA,NA,NA
E01001897,0,NA,NA,NA,NA,NA
E01001898,0,NA,NA,NA,NA,NA
E01001899,0,NA,NA,NA,NA,NA
E01001900,0,NA,NA,NA,NA,NA
E01001901,0,NA,NA,NA,NA,NA
E01001902,0,NA,NA,NA,NA,NA
E01001903,0,NA,NA,NA,NA,NA
E01001904,0,NA,NA,NA,NA,NA
E01001905,0,NA,NA,NA,NA,NA
E01001906,0,NA,NA,NA,NA,NA
E01001907,0,NA,NA,NA,NA,NA
E01001908,0,NA,NA,NA,NA,NA
E01001909,0,NA,NA,NA,NA,NA
E01001910,0,NA,NA,NA,NA,NA
E01001911,0,NA,NA,NA,NA,NA
E01001912,0,NA,NA,NA,NA,NA
E01001913,0,NA,NA,NA,NA,NA
E01001914,0,NA,NA,NA,NA,NA
E01001915,0,NA,NA,NA,NA,NA
E01001916,0,NA,NA,NA,NA,NA
E01001917,0,NA,NA,NA,NA,NA
E01001918,0,NA,NA,NA,NA,NA
E01001919,0,NA,NA,NA,NA,NA
E01001920,0,NA,NA,NA,NA,NA
E01001921,0,NA,NA,NA,NA,NA
E01001922,0,NA,NA,NA,NA,NA
E01001923,0,NA,NA,NA,NA,NA
E01001924,0,NA,NA,NA,NA,NA
E01001925,0,NA,NA,NA,NA,NA
E01001926,0,NA,NA,NA,NA,NA
E01001927,0,NA,NA,NA,NA,NA
E01001928,0,NA,NA,NA,NA,NA
E01001929,0,NA,NA,NA,NA,NA
E01001930,0,NA,NA,NA,NA,NA
E01001931,0,NA,NA,NA,NA,NA
E01001932,0,NA,NA,NA,NA,NA
E01001933,0,NA,NA,NA,NA,NA
E01001934,0,NA,NA,NA,NA,NA
E01001935,0,NA,NA,NA,NA,NA
E01001937,0,NA,NA,NA,NA,NA
E01001938,0,NA,NA,NA,NA,NA
E01001939,0,NA,NA,NA,NA,NA
E01001940,0,NA,NA,NA,NA,NA
E01001941,0,NA,NA,NA,NA,NA
E01001942,0,NA,NA,NA,NA,NA
E01001943,0,NA,NA,NA,NA,NA
E01001944,0,NA,NA,NA,NA,NA
E01001945,0,NA,NA,NA,NA,NA
E01001946,0,NA,NA,NA,NA,NA
E01001947,0,NA,NA,NA,NA,NA
E01001948,0,NA,NA,NA,NA,NA
E01001949,0,NA,NA,NA,NA,NA
E01001950,0,NA,NA,NA,NA,NA
E01001951,0,NA,NA,NA,NA,NA
E01001952,0,NA,NA,NA,NA,NA
E01001953,0,NA,NA,NA,NA,NA
E01001954,0,NA,NA,NA,NA,NA
E01001955,0,NA,NA,NA,NA,NA
E01001956,0,NA,NA,NA,NA,NA
E01001957,0,NA,NA,NA,NA,NA
E01001958,0,NA,NA,NA,NA,NA
E01001959,0,NA,NA,NA,NA,NA
E01001960,0,NA,NA,NA,NA,NA
E01001961,0,NA,NA,NA,NA,NA
E01002694,0,NA,NA,NA,NA,NA
E01002695,0,NA,NA,NA,NA,NA
E01002696,0,NA,NA,NA,NA,NA
E01002697,0,NA,NA,NA,NA,NA
E01002698,0,NA,NA,NA,NA,NA
E01002699,0,NA,NA,NA,NA,NA
E01002700,0,NA,NA,NA,NA,NA
E01002701,0,NA,NA,NA,NA,NA
E01002702,0,NA,NA,NA,NA,NA
E01002703,0,NA,NA,NA,NA,NA
E01002704,0,NA,NA,NA,NA,NA
E01002706,0,NA,NA,NA,NA,NA
E01002707,0,NA,NA,NA,NA,NA
E01002708,0,NA,NA,NA,NA,NA
E01002709,0,NA,NA,NA,NA,NA
E01002710,0,NA,NA,NA,NA,NA
E01002711,0,NA,NA,NA,NA,NA
E01002712,0,NA,NA,NA,NA,NA
E01002713,0,NA,NA,NA,NA,NA
E01002714,0,NA,NA,NA,NA,NA
E01002715,0,NA,NA,NA,NA,NA
E01002716,0,NA,NA,NA,NA,NA
E01002717,0,NA,NA,NA,NA,NA
E01002718,0,NA,NA,NA,NA,NA
E01002719,0,NA,NA,NA,NA,NA
E01002720,0,NA,NA,NA,NA,NA
E01002721,0,NA,NA,NA,NA,NA
E01002722,0,NA,NA,NA,NA,NA
E01002723,0,NA,NA,NA,NA,NA
E01002724,0,NA,NA,NA,NA,NA
E01002725,0,NA,NA,NA,NA,NA
E01002726,0,NA,NA,NA,NA,NA
E01002727,0,NA,NA,NA,NA,NA
E01002728,0,NA,NA,NA,NA,NA
E01002729,0,NA,NA,NA,NA,NA
E01002730,0,NA,NA,NA,NA,NA
E01002731,0,NA,NA,NA,NA,NA
E01002732,0,NA,NA,NA,NA,NA
E01002733,0,NA,NA,NA,NA,NA
E01002734,0,NA,NA,NA,NA,NA
E01002735,0,NA,NA,NA,NA,NA
E01002736,0,NA,NA,NA,NA,NA
E01002737,0,NA,NA,NA,NA,NA
E01002738,0,NA,NA,NA,NA,NA
E01002739,0,NA,NA,NA,NA,NA
E01002740,0,NA,NA,NA,NA,NA
E01002741,0,NA,NA,NA,NA,NA
E01002742,0,NA,NA,NA,NA,NA
E01002743,0,NA,NA,NA,NA,NA
E01002744,0,NA,NA,NA,NA,NA
E01002745,0,NA,NA,NA,NA,NA
E01002747,0,NA,NA,NA,NA,NA
E01002748,0,NA,NA,NA,NA,NA
E01002749,0,NA,NA,NA,NA,NA
E01002751,0,NA,NA,NA,NA,NA
E01002752,0,NA,NA,NA,NA,NA
E01002753,0,NA,NA,NA,NA,NA
E01002754,0,NA,NA,NA,NA,NA
E01002755,0,NA,NA,NA,NA,NA
E01002756,0,NA,NA,NA,NA,NA
E01002757,0,NA,NA,NA,NA,NA
E01002758,0,NA,NA,NA,NA,NA
E01002759,0,NA,NA,NA,NA,NA
E01002760,0,NA,NA,NA,NA,NA
E01002762,0,NA,NA,NA,NA,NA
E01002763,0,NA,NA,NA,NA,NA
E01002764,0,NA,NA,NA,NA,NA
E01002765,0,NA,NA,NA,NA,NA
E01002766,0,NA,NA,NA,NA,NA
E01002767,0,NA,NA,NA,NA,NA
E01002768,0,NA,NA,NA,NA,NA
E01002769,0,NA,NA,NA,NA,NA
E01002770,0,NA,NA,NA,NA,NA
E01002771,0,NA,NA,NA,NA,NA
E01002772,0,NA,NA,NA,NA,NA
E01002773,0,NA,NA,NA,NA,NA
E01002774,0,NA,NA,NA,NA,NA
E01002775,0,NA,NA,NA,NA,NA
E01002776,0,NA,NA,NA,NA,NA
E01002777,0,NA,NA,NA,NA,NA
E01002778,0,NA,NA,NA,NA,NA
E01002779,0,NA,NA,NA,NA,NA
E01002780,0,NA,NA,NA,NA,NA
E01002781,0,NA,NA,NA,NA,NA
E01002782,0,NA,NA,NA,NA,NA
E01002783,0,NA,NA,NA,NA,NA
E01002784,0,NA,NA,NA,NA,NA
E01002785,0,NA,NA,NA,NA,NA
E01002786,0,NA,NA,NA,NA,NA
E01002787,0,NA,NA,NA,NA,NA
E01002788,0,NA,NA,NA,NA,NA
E01002789,0,NA,NA,NA,NA,NA
E01002790,0,NA,NA,NA,NA,NA
E01002791,0,NA,NA,NA,NA,NA
E01002792,0,NA,NA,NA,NA,NA
E01002793,0,NA,NA,NA,NA,NA
E01002794,0,NA,NA,NA,NA,NA
E01002795,0,NA,NA,NA,NA,NA
E01002796,0,NA,NA,NA,NA,NA
E01002797,0,NA,NA,NA,NA,NA
E01002798,0,NA,NA,NA,NA,NA
E01002799,0,NA,NA,NA,NA,NA
E01002800,0,NA,NA,NA,NA,NA
E01002801,0,NA,NA,NA,NA,NA
E01002802,0,NA,NA,NA,NA,NA
E01002803,0,NA,NA,NA,NA,NA
E01002804,0,NA,NA,NA,NA,NA
E01002805,0,NA,NA,NA,NA,NA
E01002806,0,NA,NA,NA,NA,NA
E01002807,0,NA,NA,NA,NA,NA
E01002808,0,NA,NA,NA,NA,NA
E01002809,0,NA,NA,NA,NA,NA
E01002810,0,NA,NA,NA,NA,NA
E01002811,0,NA,NA,NA,NA,NA
E01002812,0,NA,NA,NA,NA,NA
E01002813,0,NA,NA,NA,NA,NA
E01002814,0,NA,NA,NA,NA,NA
E01002815,0,NA,NA,NA,NA,NA
E01002816,0,NA,NA,NA,NA,NA
E01002817,0,NA,NA,NA,NA,NA
E01002818,0,NA,NA,NA,NA,NA
E01002819,0,NA,NA,NA,NA,NA
E01002820,0,NA,NA,NA,NA,NA
E01002821,0,NA,NA,NA,NA,NA
E01002822,0,NA,NA,NA,NA,NA
E01002823,0,NA,NA,NA,NA,NA
E01002824,0,NA,NA,NA,NA,NA
E01002825,0,NA,NA,NA,NA,NA
E01002826,0,NA,NA,NA,NA,NA
E01002827,0,NA,NA,NA,NA,NA
E01002828,0,NA,NA,NA,NA,NA
E01002829,0,NA,NA,NA,NA,NA
E01002830,0,NA,NA,NA,NA,NA
E01002831,0,NA,NA,NA,NA,NA
E01002832,0,NA,NA,NA,NA,NA
E01002833,0,NA,NA,NA,NA,NA
E01002834,0,NA,NA,NA,NA,NA
E01002835,0,NA,NA,NA,NA,NA
E01002836,0,NA,NA,NA,NA,NA
E01002837,0,NA,NA,NA,NA,NA
E01002838,0,NA,NA,NA,NA,NA
E01002839,0,NA,NA,NA,NA,NA
E01002840,0,NA,NA,NA,NA,NA
E01002841,0,NA,NA,NA,NA,NA
E01002842,0,NA,NA,NA,NA,NA
E01002843,0,NA,NA,NA,NA,NA
E01002844,0,NA,NA,NA,NA,NA
E01002845,0,NA,NA,NA,NA,NA
E01002846,0,NA,NA,NA,NA,NA
E01002847,0,NA,NA,NA,NA,NA
E01002848,0,NA,NA,NA,NA,NA
E01002849,0,NA,NA,NA,NA,NA
E01002850,0,NA,NA,NA,NA,NA
E01002851,0,NA,NA,NA,NA,NA
E01002852,0,NA,NA,NA,NA,NA
E01002853,0,NA,NA,NA,NA,NA
E01002854,0,NA,NA,NA,NA,NA
E01002855,0,NA,NA,NA,NA,NA
E01002856,0,NA,NA,NA,NA,NA
E01002857,0,NA,NA,NA,NA,NA
E01002858,0,NA,NA,NA,NA,NA
E01002859,0,NA,NA,NA,NA,NA
E01002860,0,NA,NA,NA,NA,NA
E01002861,0,NA,NA,NA,NA,NA
E01002862,0,NA,NA,NA,NA,NA
E01002863,0,NA,NA,NA,NA,NA
E01002864,0,NA,NA,NA,NA,NA
E01002865,0,NA,NA,NA,NA,NA
E01002866,0,NA,NA,NA,NA,NA
E01002867,0,NA,NA,NA,NA,NA
E01002868,0,NA,NA,NA,NA,NA
E01002869,0,NA,NA,NA,NA,NA
E01002870,0,NA,NA,NA,NA,NA
E01002871,0,NA,NA,NA,NA,NA
E01002872,0,NA,NA,NA,NA,NA
E01002873,0,NA,NA,NA,NA,NA
E01002874,0,NA,NA,NA,NA,NA
E01002875,0,NA,NA,NA,NA,NA
E01002876,0,NA,NA,NA,NA,NA
E01002877,0,NA,NA,NA,NA,NA
E01002878,0,NA,NA,NA,NA,NA
E01002879,0,NA,NA,NA,NA,NA
E01002880,0,NA,NA,NA,NA,NA
E01002881,0,NA,NA,NA,NA,NA
E01002882,0,NA,NA,NA,NA,NA
E01002883,0,NA,NA,NA,NA,NA
E01002884,0,NA,NA,NA,NA,NA
E01002885,0,NA,NA,NA,NA,NA
E01002886,0,NA,NA,NA,NA,NA
E01002887,0,NA,NA,NA,NA,NA
E01002888,0,NA,NA,NA,NA,NA
E01002889,0,NA,NA,NA,NA,NA
E01002890,0,NA,NA,NA,NA,NA
E01002891,0,NA,NA,NA,NA,NA
E01002892,0,NA,NA,NA,NA,NA
E01002893,0,NA,NA,NA,NA,NA
E01002894,0,NA,NA,NA,NA,NA
E01002895,0,NA,NA,NA,NA,NA
E01002896,0,NA,NA,NA,NA,NA
E01002897,0,NA,NA,NA,NA,NA
E01002898,0,NA,NA,NA,NA,NA
E01002899,0,NA,NA,NA,NA,NA
E01002900,0,NA,NA,NA,NA,NA
E01002901,0,NA,NA,NA,NA,NA
E01002902,0,NA,NA,NA,NA,NA
E01002903,0,NA,NA,NA,NA,NA
E01002904,0,NA,NA,NA,NA,NA
E01002905,0,NA,NA,NA,NA,NA
E01002906,0,NA,NA,NA,NA,NA
E01002907,0,NA,NA,NA,NA,NA
E01002908,0,NA,NA,NA,NA,NA
E01002909,0,NA,NA,NA,NA,NA
E01002910,0,NA,NA,NA,NA,NA
E01002911,0,NA,NA,NA,NA,NA
E01002912,0,NA,NA,NA,NA,NA
E01002913,0,NA,NA,NA,NA,NA
E01002914,0,NA,NA,NA,NA,NA
E01003013,0,NA,NA,NA,NA,NA
E01003014,0,NA,NA,NA,NA,NA
E01003015,0,NA,NA,NA,NA,NA
E01003016,0,NA,NA,NA,NA,NA
E01003017,0,NA,NA,NA,NA,NA
E01003018,0,NA,NA,NA,NA,NA
E01003019,0,NA,NA,NA,NA,NA
E01003020,0,NA,NA,NA,NA,NA
E01003021,0,NA,NA,NA,NA,NA
E01003022,0,NA,NA,NA,NA,NA
E01003023,0,NA,NA,NA,NA,NA
E01003024,0,NA,NA,NA,NA,NA
E01003025,0,NA,NA,NA,NA,NA
E01003026,0,NA,NA,NA,NA,NA
E01003027,0,NA,NA,NA,NA,NA
E01003028,0,NA,NA,NA,NA,NA
E01003029,0,NA,NA,NA,NA,NA
E01003030,0,NA,NA,NA,NA,NA
E01003031,0,NA,NA,NA,NA,NA
E01003032,0,NA,NA,NA,NA,NA
E01003033,0,NA,NA,NA,NA,NA
E01003034,0,NA,NA,NA,NA,NA
E01003035,0,NA,NA,NA,NA,NA
E01003036,0,NA,NA,NA,NA,NA
E01003037,0,NA,NA,NA,NA,NA
E01003038,0,NA,NA,NA,NA,NA
E01003039,0,NA,NA,NA,NA,NA
E01003040,0,NA,NA,NA,NA,NA
E01003041,0,NA,NA,NA,NA,NA
E01003042,0,NA,NA,NA,NA,NA
E01003043,0,NA,NA,NA,NA,NA
E01003044,0,NA,NA,NA,NA,NA
E01003045,0,NA,NA,NA,NA,NA
E01003046,0,NA,NA,NA,NA,NA
E01003047,0,NA,NA,NA,NA,NA
E01003048,0,NA,NA,NA,NA,NA
E01003049,0,NA,NA,NA,NA,NA
E01003050,0,NA,NA,NA,NA,NA
E01003051,0,NA,NA,NA,NA,NA
E01003052,0,NA,NA,NA,NA,NA
E01003053,0,NA,NA,NA,NA,NA
E01003054,0,NA,NA,NA,NA,NA
E01003055,0,NA,NA,NA,NA,NA
E01003056,0,NA,NA,NA,NA,NA
E01003057,0,NA,NA,NA,NA,NA
E01003058,0,NA,NA,NA,NA,NA
E01003059,0,NA,NA,NA,NA,NA
E01003060,0,NA,NA,NA,NA,NA
E01003061,0,NA,NA,NA,NA,NA
E01003062,0,NA,NA,NA,NA,NA
E01003063,0,NA,NA,NA,NA,NA
E01003064,0,NA,NA,NA,NA,NA
E01003065,0,NA,NA,NA,NA,NA
E01003066,0,NA,NA,NA,NA,NA
E01003067,0,NA,NA,NA,NA,NA
E01003068,0,NA,NA,NA,NA,NA
E01003069,0,NA,NA,NA,NA,NA
E01003070,0,NA,NA,NA,NA,NA
E01003071,0,NA,NA,NA,NA,NA
E01003072,0,NA,NA,NA,NA,NA
E01003073,0,NA,NA,NA,NA,NA
E01003074,0,NA,NA,NA,NA,NA
E01003075,0,NA,NA,NA,NA,NA
E01003076,0,NA,NA,NA,NA,NA
E01003077,0,NA,NA,NA,NA,NA
E01003078,0,NA,NA,NA,NA,NA
E01003079,0,NA,NA,NA,NA,NA
E01003080,0,NA,NA,NA,NA,NA
E01003081,0,NA,NA,NA,NA,NA
E01003082,0,NA,NA,NA,NA,NA
E01003083,0,NA,NA,NA,NA,NA
E01003084,0,NA,NA,NA,NA,NA
E01003085,0,NA,NA,NA,NA,NA
E01003086,0,NA,NA,NA,NA,NA
E01003087,0,NA,NA,NA,NA,NA
E01003088,0,NA,NA,NA,NA,NA
E01003089,0,NA,NA,NA,NA,NA
E01003090,0,NA,NA,NA,NA,NA
E01003091,0,NA,NA,NA,NA,NA
E01003092,0,NA,NA,NA,NA,NA
E01003093,0,NA,NA,NA,NA,NA
E01003094,0,NA,NA,NA,NA,NA
E01003095,0,NA,NA,NA,NA,NA
E01003096,0,NA,NA,NA,NA,NA
E01003097,0,NA,NA,NA,NA,NA
E01003098,0,NA,NA,NA,NA,NA
E01003099,0,NA,NA,NA,NA,NA
E01003100,0,NA,NA,NA,NA,NA
E01003101,0,NA,NA,NA,NA,NA
E01003102,0,NA,NA,NA,NA,NA
E01003104,0,NA,NA,NA,NA,NA
E01003105,0,NA,NA,NA,NA,NA
E01003106,0,NA,NA,NA,NA,NA
E01003107,0,NA,NA,NA,NA,NA
E01003108,0,NA,NA,NA,NA,NA
E01003109,0,NA,NA,NA,NA,NA
E01003110,0,NA,NA,NA,NA,NA
E01003111,0,NA,NA,NA,NA,NA
E01003112,0,NA,NA,NA,NA,NA
E01003113,0,NA,NA,NA,NA,NA
E01003114,0,NA,NA,NA,NA,NA
E01003115,0,NA,NA,NA,NA,NA
E01003116,0,NA,NA,NA,NA,NA
E01003117,0,NA,NA,NA,NA,NA
E01003118,0,NA,NA,NA,NA,NA
E01003119,0,NA,NA,NA,NA,NA
E01003120,0,NA,NA,NA,NA,NA
E01003121,0,NA,NA,NA,NA,NA
E01003122,0,NA,NA,NA,NA,NA
E01003123,0,NA,NA,NA,NA,NA
E01003124,0,NA,NA,NA,NA,NA
E01003125,0,NA,NA,NA,NA,NA
E01003126,0,NA,NA,NA,NA,NA
E01003127,0,NA,NA,NA,NA,NA
E01003128,0,NA,NA,NA,NA,NA
E01003129,0,NA,NA,NA,NA,NA
E01003130,0,NA,NA,NA,NA,NA
E01003131,0,NA,NA,NA,NA,NA
E01003132,0,NA,NA,NA,NA,NA
E01003133,0,NA,NA,NA,NA,NA
E01003134,0,NA,NA,NA,NA,NA
E01003135,0,NA,NA,NA,NA,NA
E01003136,0,NA,NA,NA,NA,NA
E01003137,0,NA,NA,NA,NA,NA
E01003138,0,NA,NA,NA,NA,NA
E01003139,0,NA,NA,NA,NA,NA
E01003140,0,NA,NA,NA,NA,NA
E01003141,0,NA,NA,NA,NA,NA
E01003142,0,NA,NA,NA,NA,NA
E01003143,0,NA,NA,NA,NA,NA
E01003144,0,NA,NA,NA,NA,NA
E01003145,0,NA,NA,NA,NA,NA
E01003146,0,NA,NA,NA,NA,NA
E01003147,0,NA,NA,NA,NA,NA
E01003148,0,NA,NA,NA,NA,NA
E01003149,0,NA,NA,NA,NA,NA
E01003150,0,NA,NA,NA,NA,NA
E01003151,0,NA,NA,NA,NA,NA
E01003152,0,NA,NA,NA,NA,NA
E01003153,0,NA,NA,NA,NA,NA
E01003154,0,NA,NA,NA,NA,NA
E01003155,0,NA,NA,NA,NA,NA
E01003156,0,NA,NA,NA,NA,NA
E01003157,0,NA,NA,NA,NA,NA
E01003158,0,NA,NA,NA,NA,NA
E01003159,0,NA,NA,NA,NA,NA
E01003160,0,NA,NA,NA,NA,NA
E01003161,0,NA,NA,NA,NA,NA
E01003162,0,NA,NA,NA,NA,NA
E01003163,0,NA,NA,NA,NA,NA
E01003164,0,NA,NA,NA,NA,NA
E01003165,0,NA,NA,NA,NA,NA
E01003166,0,NA,NA,NA,NA,NA
E01003167,0,NA,NA,NA,NA,NA
E01003168,0,NA,NA,NA,NA,NA
E01003169,0,NA,NA,NA,NA,NA
E01003170,0,NA,NA,NA,NA,NA
E01003171,0,NA,NA,NA,NA,NA
E01003172,0,NA,NA,NA,NA,NA
E01003173,0,NA,NA,NA,NA,NA
E01003174,0,NA,NA,NA,NA,NA
E01003175,0,NA,NA,NA,NA,NA
E01003176,0,NA,NA,NA,NA,NA
E01003177,0,NA,NA,NA,NA,NA
E01003178,0,NA,NA,NA,NA,NA
E01003179,0,NA,NA,NA,NA,NA
E01003180,0,NA,NA,NA,NA,NA
E01003181,0,NA,NA,NA,NA,NA
E01003182,0,NA,NA,NA,NA,NA
E01003183,0,NA,NA,NA,NA,NA
E01003184,0,NA,NA,NA,NA,NA
E01003185,0,NA,NA,NA,NA,NA
E01003186,0,NA,NA,NA,NA,NA
E01003187,0,NA,NA,NA,NA,NA
E01003188,0,NA,NA,NA,NA,NA
E01003189,0,NA,NA,NA,NA,NA
E01003190,0,NA,NA,NA,NA,NA
E01003191,0,NA,NA,NA,NA,NA
E01003192,0,NA,NA,NA,NA,NA
E01003193,0,NA,NA,NA,NA,NA
E01003194,0,NA,NA,NA,NA,NA
E01003195,0,NA,NA,NA,NA,NA
E01003196,0,NA,NA,NA,NA,NA
E01003197,0,NA,NA,NA,NA,NA
E01003198,0,NA,NA,NA,NA,NA
E01003199,0,NA,NA,NA,NA,NA
E01003200,0,NA,NA,NA,NA,NA
E01003201,0,NA,NA,NA,NA,NA
E01003202,0,NA,NA,NA,NA,NA
E01003203,0,NA,NA,NA,NA,NA
E01003204,0,NA,NA,NA,NA,NA
E01003205,0,NA,NA,NA,NA,NA
E01003206,0,NA,NA,NA,NA,NA
E01003207,0,NA,NA,NA,NA,NA
E01003209,0,NA,NA,NA,NA,NA
E01003210,0,NA,NA,NA,NA,NA
E01003211,0,NA,NA,NA,NA,NA
E01003212,0,NA,NA,NA,NA,NA
E01003213,0,NA,NA,NA,NA,NA
E01003214,0,NA,NA,NA,NA,NA
E01003215,0,NA,NA,NA,NA,NA
E01003216,0,NA,NA,NA,NA,NA
E01003217,0,NA,NA,NA,NA,NA
E01003218,0,NA,NA,NA,NA,NA
E01003219,0,NA,NA,NA,NA,NA
E01003220,0,NA,NA,NA,NA,NA
E01003221,0,NA,NA,NA,NA,NA
E01003222,0,NA,NA,NA,NA,NA
E01003223,0,NA,NA,NA,NA,NA
E01003224,0,NA,NA,NA,NA,NA
E01003225,0,NA,NA,NA,NA,NA
E01003226,0,NA,NA,NA,NA,NA
E01003227,0,NA,NA,NA,NA,NA
E01003228,0,NA,NA,NA,NA,NA
E01003229,0,NA,NA,NA,NA,NA
E01003230,0,NA,NA,NA,NA,NA
E01003231,0,NA,NA,NA,NA,NA
E01003232,0,NA,NA,NA,NA,NA
E01003233,0,NA,NA,NA,NA,NA
E01003235,0,NA,NA,NA,NA,NA
E01003236,0,NA,NA,NA,NA,NA
E01003237,0,NA,NA,NA,NA,NA
E01003238,0,NA,NA,NA,NA,NA
E01003239,0,NA,NA,NA,NA,NA
E01003240,0,NA,NA,NA,NA,NA
E01003241,0,NA,NA,NA,NA,NA
E01003243,0,NA,NA,NA,NA,NA
E01003244,0,NA,NA,NA,NA,NA
E01003245,0,NA,NA,NA,NA,NA
E01003246,0,NA,NA,NA,NA,NA
E01003247,0,NA,NA,NA,NA,NA
E01003248,0,NA,NA,NA,NA,NA
E01003249,0,NA,NA,NA,NA,NA
E01003250,0,NA,NA,NA,NA,NA
E01003251,0,NA,NA,NA,NA,NA
E01003252,0,NA,NA,NA,NA,NA
E01003253,0,NA,NA,NA,NA,NA
E01003254,0,NA,NA,NA,NA,NA
E01003255,0,NA,NA,NA,NA,NA
E01003256,0,NA,NA,NA,NA,NA
E01003257,0,NA,NA,NA,NA,NA
E01003258,0,NA,NA,NA,NA,NA
E01003259,0,NA,NA,NA,NA,NA
E01003260,0,NA,NA,NA,NA,NA
E01003261,0,NA,NA,NA,NA,NA
E01003262,0,NA,NA,NA,NA,NA
E01003263,0,NA,NA,NA,NA,NA
E01003264,0,NA,NA,NA,NA,NA
E01003265,0,NA,NA,NA,NA,NA
E01003266,0,NA,NA,NA,NA,NA
E01003267,0,NA,NA,NA,NA,NA
E01003268,0,NA,NA,NA,NA,NA
E01003269,0,NA,NA,NA,NA,NA
E01003270,0,NA,NA,NA,NA,NA
E01003271,0,NA,NA,NA,NA,NA
E01003272,0,NA,NA,NA,NA,NA
E01003273,0,NA,NA,NA,NA,NA
E01003274,0,NA,NA,NA,NA,NA
E01003275,0,NA,NA,NA,NA,NA
E01003276,0,NA,NA,NA,NA,NA
E01003277,0,NA,NA,NA,NA,NA
E01003278,0,NA,NA,NA,NA,NA
E01003279,0,NA,NA,NA,NA,NA
E01003280,0,NA,NA,NA,NA,NA
E01003281,0,NA,NA,NA,NA,NA
E01003282,0,NA,NA,NA,NA,NA
E01003283,0,NA,NA,NA,NA,NA
E01003284,0,NA,NA,NA,NA,NA
E01003285,0,NA,NA,NA,NA,NA
E01003286,0,NA,NA,NA,NA,NA
E01003287,0,NA,NA,NA,NA,NA
E01003288,0,NA,NA,NA,NA,NA
E01003290,0,NA,NA,NA,NA,NA
E01003291,0,NA,NA,NA,NA,NA
E01003292,0,NA,NA,NA,NA,NA
E01003293,0,NA,NA,NA,NA,NA
E01003295,0,NA,NA,NA,NA,NA
E01003296,0,NA,NA,NA,NA,NA
E01003297,0,NA,NA,NA,NA,NA
E01003298,0,NA,NA,NA,NA,NA
E01003299,0,NA,NA,NA,NA,NA
E01003300,0,NA,NA,NA,NA,NA
E01003301,0,NA,NA,NA,NA,NA
E01003302,0,NA,NA,NA,NA,NA
E01003303,0,NA,NA,NA,NA,NA
E01003304,0,NA,NA,NA,NA,NA
E01003305,0,NA,NA,NA,NA,NA
E01003307,0,NA,NA,NA,NA,NA
E01003308,0,NA,NA,NA,NA,NA
E01003309,0,NA,NA,NA,NA,NA
E01003310,0,NA,NA,NA,NA,NA
E01003311,0,NA,NA,NA,NA,NA
E01003312,0,NA,NA,NA,NA,NA
E01003313,0,NA,NA,NA,NA,NA
E01003314,0,NA,NA,NA,NA,NA
E01003315,0,NA,NA,NA,NA,NA
E01003316,0,NA,NA,NA,NA,NA
E01003317,0,NA,NA,NA,NA,NA
E01003318,0,NA,NA,NA,NA,NA
E01003319,0,NA,NA,NA,NA,NA
E01003320,0,NA,NA,NA,NA,NA
E01003321,0,NA,NA,NA,NA,NA
E01003322,0,NA,NA,NA,NA,NA
E01003323,0,NA,NA,NA,NA,NA
E01003324,0,NA,NA,NA,NA,NA
E01003325,0,NA,NA,NA,NA,NA
E01003326,0,NA,NA,NA,NA,NA
E01003327,0,NA,NA,NA,NA,NA
E01003328,0,NA,NA,NA,NA,NA
E01003329,0,NA,NA,NA,NA,NA
E01003330,0,NA,NA,NA,NA,NA
E01003331,0,NA,NA,NA,NA,NA
E01003332,0,NA,NA,NA,NA,NA
E01003333,0,NA,NA,NA,NA,NA
E01003334,0,NA,NA,NA,NA,NA
E01003335,0,NA,NA,NA,NA,NA
E01003336,0,NA,NA,NA,NA,NA
E01003337,0,NA,NA,NA,NA,NA
E01003338,0,NA,NA,NA,NA,NA
E01003339,0,NA,NA,NA,NA,NA
E01003340,0,NA,NA,NA,NA,NA
E01003341,0,NA,NA,NA,NA,NA
E01003342,0,NA,NA,NA,NA,NA
E01003343,0,NA,NA,NA,NA,NA
E01003344,0,NA,NA,NA,NA,NA
E01003345,0,NA,NA,NA,NA,NA
E01003346,0,NA,NA,NA,NA,NA
E01003347,0,NA,NA,NA,NA,NA
E01003348,0,NA,NA,NA,NA,NA
E01003349,0,NA,NA,NA,NA,NA
E01003350,0,NA,NA,NA,NA,NA
E01003351,0,NA,NA,NA,NA,NA
E01003352,0,NA,NA,NA,NA,NA
E01003353,0,NA,NA,NA,NA,NA
E01003354,0,NA,NA,NA,NA,NA
E01003911,0,NA,NA,NA,NA,NA
E01003912,0,NA,NA,NA,NA,NA
E01003913,0,NA,NA,NA,NA,NA
E01003914,0,NA,NA,NA,NA,NA
E01003915,0,NA,NA,NA,NA,NA
E01003916,0,NA,NA,NA,NA,NA
E01003917,0,NA,NA,NA,NA,NA
E01003918,0,NA,NA,NA,NA,NA
E01003919,0,NA,NA,NA,NA,NA
E01003920,0,NA,NA,NA,NA,NA
E01003921,0,NA,NA,NA,NA,NA
E01003922,0,NA,NA,NA,NA,NA
E01003923,0,NA,NA,NA,NA,NA
E01003924,0,NA,NA,NA,NA,NA
E01003925,0,NA,NA,NA,NA,NA
E01003926,0,NA,NA,NA,NA,NA
E01003927,0,NA,NA,NA,NA,NA
E01003929,0,NA,NA,NA,NA,NA
E01003930,0,NA,NA,NA,NA,NA
E01003932,0,NA,NA,NA,NA,NA
E01003933,0,NA,NA,NA,NA,NA
E01003934,0,NA,NA,NA,NA,NA
E01003935,0,NA,NA,NA,NA,NA
E01003936,0,NA,NA,NA,NA,NA
E01003937,0,NA,NA,NA,NA,NA
E01003938,0,NA,NA,NA,NA,NA
E01003939,0,NA,NA,NA,NA,NA
E01003940,0,NA,NA,NA,NA,NA
E01003941,0,NA,NA,NA,NA,NA
E01003942,0,NA,NA,NA,NA,NA
E01003943,0,NA,NA,NA,NA,NA
E01003945,0,NA,NA,NA,NA,NA
E01003946,0,NA,NA,NA,NA,NA
E01003947,0,NA,NA,NA,NA,NA
E01003948,0,NA,NA,NA,NA,NA
E01003949,0,NA,NA,NA,NA,NA
E01003950,0,NA,NA,NA,NA,NA
E01003951,0,NA,NA,NA,NA,NA
E01003952,0,NA,NA,NA,NA,NA
E01003953,0,NA,NA,NA,NA,NA
E01003954,0,NA,NA,NA,NA,NA
E01003955,0,NA,NA,NA,NA,NA
E01003956,0,NA,NA,NA,NA,NA
E01003957,0,NA,NA,NA,NA,NA
E01003958,0,NA,NA,NA,NA,NA
E01003960,0,NA,NA,NA,NA,NA
E01003961,0,NA,NA,NA,NA,NA
E01003963,0,NA,NA,NA,NA,NA
E01003964,0,NA,NA,NA,NA,NA
E01003966,0,NA,NA,NA,NA,NA
E01003967,0,NA,NA,NA,NA,NA
E01003968,0,NA,NA,NA,NA,NA
E01003969,0,NA,NA,NA,NA,NA
E01003970,0,NA,NA,NA,NA,NA
E01003971,0,NA,NA,NA,NA,NA
E01003972,0,NA,NA,NA,NA,NA
E01003973,0,NA,NA,NA,NA,NA
E01003974,0,NA,NA,NA,NA,NA
E01003975,0,NA,NA,NA,NA,NA
E01003976,0,NA,NA,NA,NA,NA
E01003977,0,NA,NA,NA,NA,NA
E01003978,0,NA,NA,NA,NA,NA
E01003979,0,NA,NA,NA,NA,NA
E01003980,0,NA,NA,NA,NA,NA
E01003981,0,NA,NA,NA,NA,NA
E01003983,0,NA,NA,NA,NA,NA
E01003984,0,NA,NA,NA,NA,NA
E01003986,0,NA,NA,NA,NA,NA
E01003987,0,NA,NA,NA,NA,NA
E01003988,0,NA,NA,NA,NA,NA
E01003989,0,NA,NA,NA,NA,NA
E01003990,0,NA,NA,NA,NA,NA
E01003991,0,NA,NA,NA,NA,NA
E01003992,0,NA,NA,NA,NA,NA
E01003993,0,NA,NA,NA,NA,NA
E01003994,0,NA,NA,NA,NA,NA
E01003995,0,NA,NA,NA,NA,NA
E01003997,0,NA,NA,NA,NA,NA
E01003998,0,NA,NA,NA,NA,NA
E01003999,0,NA,NA,NA,NA,NA
E01004000,0,NA,NA,NA,NA,NA
E01004001,0,NA,NA,NA,NA,NA
E01004002,0,NA,NA,NA,NA,NA
E01004003,0,NA,NA,NA,NA,NA
E01004004,0,NA,NA,NA,NA,NA
E01004005,0,NA,NA,NA,NA,NA
E01004006,0,NA,NA,NA,NA,NA
E01004007,0,NA,NA,NA,NA,NA
E01004008,0,NA,NA,NA,NA,NA
E01004010,0,NA,NA,NA,NA,NA
E01004011,0,NA,NA,NA,NA,NA
E01004012,0,NA,NA,NA,NA,NA
E01004013,0,NA,NA,NA,NA,NA
E01004014,0,NA,NA,NA,NA,NA
E01004015,0,NA,NA,NA,NA,NA
E01004016,0,NA,NA,NA,NA,NA
E01004017,0,NA,NA,NA,NA,NA
E01004018,0,NA,NA,NA,NA,NA
E01004019,0,NA,NA,NA,NA,NA
E01004020,0,NA,NA,NA,NA,NA
E01004021,0,NA,NA,NA,NA,NA
E01004022,0,NA,NA,NA,NA,NA
E01004023,0,NA,NA,NA,NA,NA
E01004024,0,NA,NA,NA,NA,NA
E01004027,0,NA,NA,NA,NA,NA
E01004028,0,NA,NA,NA,NA,NA
E01004029,0,NA,NA,NA,NA,NA
E01004030,0,NA,NA,NA,NA,NA
E01004031,0,NA,NA,NA,NA,NA
E01004032,0,NA,NA,NA,NA,NA
E01004033,0,NA,NA,NA,NA,NA
E01004034,0,NA,NA,NA,NA,NA
E01004035,0,NA,NA,NA,NA,NA
E01004036,0,NA,NA,NA,NA,NA
E01004037,0,NA,NA,NA,NA,NA
E01004038,0,NA,NA,NA,NA,NA
E01004039,0,NA,NA,NA,NA,NA
E01004040,0,NA,NA,NA,NA,NA
E01004041,0,NA,NA,NA,NA,NA
E01004042,0,NA,NA,NA,NA,NA
E01004043,0,NA,NA,NA,NA,NA
E01004044,0,NA,NA,NA,NA,NA
E01004045,0,NA,NA,NA,NA,NA
E01004046,0,NA,NA,NA,NA,NA
E01004047,0,NA,NA,NA,NA,NA
E01004048,0,NA,NA,NA,NA,NA
E01004049,0,NA,NA,NA,NA,NA
E01004050,0,NA,NA,NA,NA,NA
E01004051,0,NA,NA,NA,NA,NA
E01004052,0,NA,NA,NA,NA,NA
E01004053,0,NA,NA,NA,NA,NA
E01004054,0,NA,NA,NA,NA,NA
E01004055,0,NA,NA,NA,NA,NA
E01004056,0,NA,NA,NA,NA,NA
E01004057,0,NA,NA,NA,NA,NA
E01004058,0,NA,NA,NA,NA,NA
E01004059,0,NA,NA,NA,NA,NA
E01004060,0,NA,NA,NA,NA,NA
E01004061,0,NA,NA,NA,NA,NA
E01004062,0,NA,NA,NA,NA,NA
E01004063,0,NA,NA,NA,NA,NA
E01004064,0,NA,NA,NA,NA,NA
E01004065,0,NA,NA,NA,NA,NA
E01004066,0,NA,NA,NA,NA,NA
E01004067,0,NA,NA,NA,NA,NA
E01004068,0,NA,NA,NA,NA,NA
E01004069,0,NA,NA,NA,NA,NA
E01004070,0,NA,NA,NA,NA,NA
E01004071,0,NA,NA,NA,NA,NA
E01004072,0,NA,NA,NA,NA,NA
E01004073,0,NA,NA,NA,NA,NA
E01004074,0,NA,NA,NA,NA,NA
E01004075,0,NA,NA,NA,NA,NA
E01004197,0,NA,NA,NA,NA,NA
E01004198,0,NA,NA,NA,NA,NA
E01004199,0,NA,NA,NA,NA,NA
E01004200,0,NA,NA,NA,NA,NA
E01004201,0,NA,NA,NA,NA,NA
E01004202,0,NA,NA,NA,NA,NA
E01004203,0,NA,NA,NA,NA,NA
E01004204,0,NA,NA,NA,NA,NA
E01004205,0,NA,NA,NA,NA,NA
E01004206,0,NA,NA,NA,NA,NA
E01004207,0,NA,NA,NA,NA,NA
E01004208,0,NA,NA,NA,NA,NA
E01004209,0,NA,NA,NA,NA,NA
E01004211,0,NA,NA,NA,NA,NA
E01004212,0,NA,NA,NA,NA,NA
E01004214,0,NA,NA,NA,NA,NA
E01004215,0,NA,NA,NA,NA,NA
E01004216,0,NA,NA,NA,NA,NA
E01004217,0,NA,NA,NA,NA,NA
E01004218,0,NA,NA,NA,NA,NA
E01004219,0,NA,NA,NA,NA,NA
E01004221,0,NA,NA,NA,NA,NA
E01004222,0,NA,NA,NA,NA,NA
E01004223,0,NA,NA,NA,NA,NA
E01004224,0,NA,NA,NA,NA,NA
E01004225,0,NA,NA,NA,NA,NA
E01004226,0,NA,NA,NA,NA,NA
E01004228,0,NA,NA,NA,NA,NA
E01004229,0,NA,NA,NA,NA,NA
E01004230,0,NA,NA,NA,NA,NA
E01004231,0,NA,NA,NA,NA,NA
E01004232,0,NA,NA,NA,NA,NA
E01004233,0,NA,NA,NA,NA,NA
E01004234,0,NA,NA,NA,NA,NA
E01004235,0,NA,NA,NA,NA,NA
E01004236,0,NA,NA,NA,NA,NA
E01004237,0,NA,NA,NA,NA,NA
E01004238,0,NA,NA,NA,NA,NA
E01004239,0,NA,NA,NA,NA,NA
E01004240,0,NA,NA,NA,NA,NA
E01004241,0,NA,NA,NA,NA,NA
E01004242,0,NA,NA,NA,NA,NA
E01004243,0,NA,NA,NA,NA,NA
E01004244,0,NA,NA,NA,NA,NA
E01004245,0,NA,NA,NA,NA,NA
E01004246,0,NA,NA,NA,NA,NA
E01004247,0,NA,NA,NA,NA,NA
E01004248,0,NA,NA,NA,NA,NA
E01004249,0,NA,NA,NA,NA,NA
E01004250,0,NA,NA,NA,NA,NA
E01004251,0,NA,NA,NA,NA,NA
E01004252,0,NA,NA,NA,NA,NA
E01004253,0,NA,NA,NA,NA,NA
E01004254,0,NA,NA,NA,NA,NA
E01004255,0,NA,NA,NA,NA,NA
E01004256,0,NA,NA,NA,NA,NA
E01004257,0,NA,NA,NA,NA,NA
E01004258,0,NA,NA,NA,NA,NA
E01004259,0,NA,NA,NA,NA,NA
E01004260,0,NA,NA,NA,NA,NA
E01004261,0,NA,NA,NA,NA,NA
E01004262,0,NA,NA,NA,NA,NA
E01004263,0,NA,NA,NA,NA,NA
E01004264,0,NA,NA,NA,NA,NA
E01004266,0,NA,NA,NA,NA,NA
E01004267,0,NA,NA,NA,NA,NA
E01004268,0,NA,NA,NA,NA,NA
E01004269,0,NA,NA,NA,NA,NA
E01004270,0,NA,NA,NA,NA,NA
E01004271,0,NA,NA,NA,NA,NA
E01004272,0,NA,NA,NA,NA,NA
E01004273,0,NA,NA,NA,NA,NA
E01004274,0,NA,NA,NA,NA,NA
E01004275,0,NA,NA,NA,NA,NA
E01004276,0,NA,NA,NA,NA,NA
E01004277,0,NA,NA,NA,NA,NA
E01004280,0,NA,NA,NA,NA,NA
E01004281,0,NA,NA,NA,NA,NA
E01004283,0,NA,NA,NA,NA,NA
E01004284,0,NA,NA,NA,NA,NA
E01004285,0,NA,NA,NA,NA,NA
E01004286,0,NA,NA,NA,NA,NA
E01004287,0,NA,NA,NA,NA,NA
E01004288,0,NA,NA,NA,NA,NA
E01004289,0,NA,NA,NA,NA,NA
E01004290,0,NA,NA,NA,NA,NA
E01004291,0,NA,NA,NA,NA,NA
E01004292,0,NA,NA,NA,NA,NA
E01004293,0,NA,NA,NA,NA,NA
E01004294,0,NA,NA,NA,NA,NA
E01004295,0,NA,NA,NA,NA,NA
E01004296,0,NA,NA,NA,NA,NA
E01004297,0,NA,NA,NA,NA,NA
E01004298,0,NA,NA,NA,NA,NA
E01004300,0,NA,NA,NA,NA,NA
E01004301,0,NA,NA,NA,NA,NA
E01004302,0,NA,NA,NA,NA,NA
E01004303,0,NA,NA,NA,NA,NA
E01004304,0,NA,NA,NA,NA,NA
E01004305,0,NA,NA,NA,NA,NA
E01004306,0,NA,NA,NA,NA,NA
E01004307,0,NA,NA,NA,NA,NA
E01004308,0,NA,NA,NA,NA,NA
E01004309,0,NA,NA,NA,NA,NA
E01004310,0,NA,NA,NA,NA,NA
E01004311,0,NA,NA,NA,NA,NA
E01004312,0,NA,NA,NA,NA,NA
E01004313,0,NA,NA,NA,NA,NA
E01004314,0,NA,NA,NA,NA,NA
E01004315,0,NA,NA,NA,NA,NA
E01004316,0,NA,NA,NA,NA,NA
E01004317,0,NA,NA,NA,NA,NA
E01004318,0,NA,NA,NA,NA,NA
E01004319,0,NA,NA,NA,NA,NA
E01004321,0,NA,NA,NA,NA,NA
E01004322,0,NA,NA,NA,NA,NA
E01004323,0,NA,NA,NA,NA,NA
E01004324,0,NA,NA,NA,NA,NA
E01004325,0,NA,NA,NA,NA,NA
E01004326,0,NA,NA,NA,NA,NA
E01004472,0,NA,NA,NA,NA,NA
E01004473,0,NA,NA,NA,NA,NA
E01004474,0,NA,NA,NA,NA,NA
E01004475,0,NA,NA,NA,NA,NA
E01004476,0,NA,NA,NA,NA,NA
E01004477,0,NA,NA,NA,NA,NA
E01004478,0,NA,NA,NA,NA,NA
E01004479,0,NA,NA,NA,NA,NA
E01004480,0,NA,NA,NA,NA,NA
E01004481,0,NA,NA,NA,NA,NA
E01004482,0,NA,NA,NA,NA,NA
E01004483,0,NA,NA,NA,NA,NA
E01004484,0,NA,NA,NA,NA,NA
E01004485,0,NA,NA,NA,NA,NA
E01004486,0,NA,NA,NA,NA,NA
E01004487,0,NA,NA,NA,NA,NA
E01004488,0,NA,NA,NA,NA,NA
E01004489,0,NA,NA,NA,NA,NA
E01004490,0,NA,NA,NA,NA,NA
E01004491,0,NA,NA,NA,NA,NA
E01004492,0,NA,NA,NA,NA,NA
E01004493,0,NA,NA,NA,NA,NA
E01004494,0,NA,NA,NA,NA,NA
E01004495,0,NA,NA,NA,NA,NA
E01004496,0,NA,NA,NA,NA,NA
E01004497,0,NA,NA,NA,NA,NA
E01004498,0,NA,NA,NA,NA,NA
E01004499,0,NA,NA,NA,NA,NA
E01004500,0,NA,NA,NA,NA,NA
E01004501,0,NA,NA,NA,NA,NA
E01004502,0,NA,NA,NA,NA,NA
E01004503,0,NA,NA,NA,NA,NA
E01004504,0,NA,NA,NA,NA,NA
E01004505,0,NA,NA,NA,NA,NA
E01004506,0,NA,NA,NA,NA,NA
E01004507,0,NA,NA,NA,NA,NA
E01004508,0,NA,NA,NA,NA,NA
E01004509,0,NA,NA,NA,NA,NA
E01004510,0,NA,NA,NA,NA,NA
E01004511,0,NA,NA,NA,NA,NA
E01004512,0,NA,NA,NA,NA,NA
E01004513,0,NA,NA,NA,NA,NA
E01004514,0,NA,NA,NA,NA,NA
E01004515,0,NA,NA,NA,NA,NA
E01004516,0,NA,NA,NA,NA,NA
E01004517,0,NA,NA,NA,NA,NA
E01004518,0,NA,NA,NA,NA,NA
E01004519,0,NA,NA,NA,NA,NA
E01004520,0,NA,NA,NA,NA,NA
E01004521,0,NA,NA,NA,NA,NA
E01004522,0,NA,NA,NA,NA,NA
E01004523,0,NA,NA,NA,NA,NA
E01004524,0,NA,NA,NA,NA,NA
E01004525,0,NA,NA,NA,NA,NA
E01004526,0,NA,NA,NA,NA,NA
E01004527,0,NA,NA,NA,NA,NA
E01004528,0,NA,NA,NA,NA,NA
E01004529,0,NA,NA,NA,NA,NA
E01004530,0,NA,NA,NA,NA,NA
E01004531,0,NA,NA,NA,NA,NA
E01004532,0,NA,NA,NA,NA,NA
E01004533,0,NA,NA,NA,NA,NA
E01004534,0,NA,NA,NA,NA,NA
E01004535,0,NA,NA,NA,NA,NA
E01004536,0,NA,NA,NA,NA,NA
E01004537,0,NA,NA,NA,NA,NA
E01004538,0,NA,NA,NA,NA,NA
E01004539,0,NA,NA,NA,NA,NA
E01004540,0,NA,NA,NA,NA,NA
E01004541,0,NA,NA,NA,NA,NA
E01004542,0,NA,NA,NA,NA,NA
E01004543,0,NA,NA,NA,NA,NA
E01004544,0,NA,NA,NA,NA,NA
E01004545,0,NA,NA,NA,NA,NA
E01004546,0,NA,NA,NA,NA,NA
E01004547,0,NA,NA,NA,NA,NA
E01004548,0,NA,NA,NA,NA,NA
E01004549,0,NA,NA,NA,NA,NA
E01004550,0,NA,NA,NA,NA,NA
E01004551,0,NA,NA,NA,NA,NA
E01004552,0,NA,NA,NA,NA,NA
E01004553,0,NA,NA,NA,NA,NA
E01004554,0,NA,NA,NA,NA,NA
E01004555,0,NA,NA,NA,NA,NA
E01004556,0,NA,NA,NA,NA,NA
E01004557,0,NA,NA,NA,NA,NA
E01004558,0,NA,NA,NA,NA,NA
E01004559,0,NA,NA,NA,NA,NA
E01004560,0,NA,NA,NA,NA,NA
E01004562,0,NA,NA,NA,NA,NA
E01004563,0,NA,NA,NA,NA,NA
E01004564,0,NA,NA,NA,NA,NA
E01004565,0,NA,NA,NA,NA,NA
E01004566,0,NA,NA,NA,NA,NA
E01004567,0,NA,NA,NA,NA,NA
E01004568,0,NA,NA,NA,NA,NA
E01004569,0,NA,NA,NA,NA,NA
E01004570,0,NA,NA,NA,NA,NA
E01004571,0,NA,NA,NA,NA,NA
E01004572,0,NA,NA,NA,NA,NA
E01004573,0,NA,NA,NA,NA,NA
E01004574,0,NA,NA,NA,NA,NA
E01004575,0,NA,NA,NA,NA,NA
E01004576,0,NA,NA,NA,NA,NA
E01004577,0,NA,NA,NA,NA,NA
E01004579,0,NA,NA,NA,NA,NA
E01004580,0,NA,NA,NA,NA,NA
E01004581,0,NA,NA,NA,NA,NA
E01004582,0,NA,NA,NA,NA,NA
E01004583,0,NA,NA,NA,NA,NA
E01004584,0,NA,NA,NA,NA,NA
E01004585,0,NA,NA,NA,NA,NA
E01004586,0,NA,NA,NA,NA,NA
E01004587,0,NA,NA,NA,NA,NA
E01004588,0,NA,NA,NA,NA,NA
E01004589,0,NA,NA,NA,NA,NA
E01004590,0,NA,NA,NA,NA,NA
E01004591,0,NA,NA,NA,NA,NA
E01004592,0,NA,NA,NA,NA,NA
E01004593,0,NA,NA,NA,NA,NA
E01004594,0,NA,NA,NA,NA,NA
E01004595,0,NA,NA,NA,NA,NA
E01004596,0,NA,NA,NA,NA,NA
E01004597,0,NA,NA,NA,NA,NA
E01004598,0,NA,NA,NA,NA,NA
E01004599,0,NA,NA,NA,NA,NA
E01004600,0,NA,NA,NA,NA,NA
E01004601,0,NA,NA,NA,NA,NA
E01004602,0,NA,NA,NA,NA,NA
E01004604,0,NA,NA,NA,NA,NA
E01004605,0,NA,NA,NA,NA,NA
E01004606,0,NA,NA,NA,NA,NA
E01004607,0,NA,NA,NA,NA,NA
E01004608,0,NA,NA,NA,NA,NA
E01004609,0,NA,NA,NA,NA,NA
E01004610,0,NA,NA,NA,NA,NA
E01004611,0,NA,NA,NA,NA,NA
E01004612,0,NA,NA,NA,NA,NA
E01004613,0,NA,NA,NA,NA,NA
E01004614,0,NA,NA,NA,NA,NA
E01004615,0,NA,NA,NA,NA,NA
E01004616,0,NA,NA,NA,NA,NA
E01004617,0,NA,NA,NA,NA,NA
E01004618,0,NA,NA,NA,NA,NA
E01004619,0,NA,NA,NA,NA,NA
E01004620,0,NA,NA,NA,NA,NA
E01004621,0,NA,NA,NA,NA,NA
E01004622,0,NA,NA,NA,NA,NA
E01004623,0,NA,NA,NA,NA,NA
E01004624,0,NA,NA,NA,NA,NA
E01004625,0,NA,NA,NA,NA,NA
E01004626,0,NA,NA,NA,NA,NA
E01004627,0,NA,NA,NA,NA,NA
E01004628,0,NA,NA,NA,NA,NA
E01004629,0,NA,NA,NA,NA,NA
E01004630,0,NA,NA,NA,NA,NA
E01004631,0,NA,NA,NA,NA,NA
E01004632,0,NA,NA,NA,NA,NA
E01004633,0,NA,NA,NA,NA,NA
E01004634,0,NA,NA,NA,NA,NA
E01004635,0,NA,NA,NA,NA,NA
E01004636,0,NA,NA,NA,NA,NA
E01004637,0,NA,NA,NA,NA,NA
E01004638,0,NA,NA,NA,NA,NA
E01004639,0,NA,NA,NA,NA,NA
E01004640,0,NA,NA,NA,NA,NA
E01004641,0,NA,NA,NA,NA,NA
E01004642,0,NA,NA,NA,NA,NA
E01004643,0,NA,NA,NA,NA,NA
E01004644,0,NA,NA,NA,NA,NA
E01004645,0,NA,NA,NA,NA,NA
E01004646,0,NA,NA,NA,NA,NA
E01004647,0,NA,NA,NA,NA,NA
E01004648,0,NA,NA,NA,NA,NA
E01004649,0,NA,NA,NA,NA,NA
E01004650,0,NA,NA,NA,NA,NA
E01004651,0,NA,NA,NA,NA,NA
E01004652,0,NA,NA,NA,NA,NA
E01004653,0,NA,NA,NA,NA,NA
E01004654,0,NA,NA,NA,NA,NA
E01004656,0,NA,NA,NA,NA,NA
E01004657,0,NA,NA,NA,NA,NA
E01004658,0,NA,NA,NA,NA,NA
E01004659,0,NA,NA,NA,NA,NA
E01004660,0,NA,NA,NA,NA,NA
E01004661,0,NA,NA,NA,NA,NA
E01004662,0,NA,NA,NA,NA,NA
E01004663,0,NA,NA,NA,NA,NA
E01004665,0,NA,NA,NA,NA,NA
E01004666,0,NA,NA,NA,NA,NA
E01004667,0,NA,NA,NA,NA,NA
E01004668,0,NA,NA,NA,NA,NA
E01004669,0,NA,NA,NA,NA,NA
E01004670,0,NA,NA,NA,NA,NA
E01004674,0,NA,NA,NA,NA,NA
E01004675,0,NA,NA,NA,NA,NA
E01004676,0,NA,NA,NA,NA,NA
E01004677,0,NA,NA,NA,NA,NA
E01004678,0,NA,NA,NA,NA,NA
E01004679,0,NA,NA,NA,NA,NA
E01004680,0,NA,NA,NA,NA,NA
E01004681,0,NA,NA,NA,NA,NA
E01004682,0,NA,NA,NA,NA,NA
E01004683,0,NA,NA,NA,NA,NA
E01004684,0,NA,NA,NA,NA,NA
E01004686,0,NA,NA,NA,NA,NA
E01004687,0,NA,NA,NA,NA,NA
E01004688,0,NA,NA,NA,NA,NA
E01004689,0,NA,NA,NA,NA,NA
E01004690,0,NA,NA,NA,NA,NA
E01004691,0,NA,NA,NA,NA,NA
E01004692,0,NA,NA,NA,NA,NA
E01004693,0,NA,NA,NA,NA,NA
E01004694,0,NA,NA,NA,NA,NA
E01004695,0,NA,NA,NA,NA,NA
E01004696,0,NA,NA,NA,NA,NA
E01004697,0,NA,NA,NA,NA,NA
E01004698,0,NA,NA,NA,NA,NA
E01004699,0,NA,NA,NA,NA,NA
E01004700,0,NA,NA,NA,NA,NA
E01004701,0,NA,NA,NA,NA,NA
E01004702,0,NA,NA,NA,NA,NA
E01004703,0,NA,NA,NA,NA,NA
E01004705,0,NA,NA,NA,NA,NA
E01004706,0,NA,NA,NA,NA,NA
E01004707,0,NA,NA,NA,NA,NA
E01004708,0,NA,NA,NA,NA,NA
E01004709,0,NA,NA,NA,NA,NA
E01004710,0,NA,NA,NA,NA,NA
E01004711,0,NA,NA,NA,NA,NA
E01004712,0,NA,NA,NA,NA,NA
E01004713,0,NA,NA,NA,NA,NA
E01004714,0,NA,NA,NA,NA,NA
E01004715,0,NA,NA,NA,NA,NA
E01004716,0,NA,NA,NA,NA,NA
E01004717,0,NA,NA,NA,NA,NA
E01004718,0,NA,NA,NA,NA,NA
E01004719,0,NA,NA,NA,NA,NA
E01004720,0,NA,NA,NA,NA,NA
E01004721,0,NA,NA,NA,NA,NA
E01004722,0,NA,NA,NA,NA,NA
E01004723,0,NA,NA,NA,NA,NA
E01004724,0,NA,NA,NA,NA,NA
E01004725,0,NA,NA,NA,NA,NA
E01004726,0,NA,NA,NA,NA,NA
E01004727,0,NA,NA,NA,NA,NA
E01004728,0,NA,NA,NA,NA,NA
E01004729,0,NA,NA,NA,NA,NA
E01004730,0,NA,NA,NA,NA,NA
E01004731,0,NA,NA,NA,NA,NA
E01004732,0,NA,NA,NA,NA,NA
E01004733,0,NA,NA,NA,NA,NA
E01004734,0,NA,NA,NA,NA,NA
E01004735,0,NA,NA,NA,NA,NA
E01004736,0,NA,NA,NA,NA,NA
E01004737,0,NA,NA,NA,NA,NA
E01004738,0,NA,NA,NA,NA,NA
E01004739,0,NA,NA,NA,NA,NA
E01004740,0,NA,NA,NA,NA,NA
E01004741,0,NA,NA,NA,NA,NA
E01004742,0,NA,NA,NA,NA,NA
E01004743,0,NA,NA,NA,NA,NA
E01004744,0,NA,NA,NA,NA,NA
E01004745,0,NA,NA,NA,NA,NA
E01004746,0,NA,NA,NA,NA,NA
E01004747,0,NA,NA,NA,NA,NA
E01004748,0,NA,NA,NA,NA,NA
E01004749,0,NA,NA,NA,NA,NA
E01004750,0,NA,NA,NA,NA,NA
E01004751,0,NA,NA,NA,NA,NA
E01004752,0,NA,NA,NA,NA,NA
E01004753,0,NA,NA,NA,NA,NA
E01004754,0,NA,NA,NA,NA,NA
E01004755,0,NA,NA,NA,NA,NA
E01004756,0,NA,NA,NA,NA,NA
E01004757,0,NA,NA,NA,NA,NA
E01004760,0,NA,NA,NA,NA,NA
E01004761,0,NA,NA,NA,NA,NA
E01004762,0,NA,NA,NA,NA,NA
E01004763,0,NA,NA,NA,NA,NA
E01004765,0,NA,NA,NA,NA,NA
E01032512,0,NA,NA,NA,NA,NA
E01032513,0,NA,NA,NA,NA,NA
E01032564,0,NA,NA,NA,NA,NA
E01032565,0,NA,NA,NA,NA,NA
E01032567,0,NA,NA,NA,NA,NA
E01032579,0,NA,NA,NA,NA,NA
E01032582,0,NA,NA,NA,NA,NA
E01032583,0,NA,NA,NA,NA,NA
E01032584,0,NA,NA,NA,NA,NA
E01032637,0,NA,NA,NA,NA,NA
E01032638,0,NA,NA,NA,NA,NA
E01032639,0,NA,NA,NA,NA,NA
E01032640,0,NA,NA,NA,NA,NA
E01032646,0,NA,NA,NA,NA,NA
E01032719,0,NA,NA,NA,NA,NA
E01032720,0,NA,NA,NA,NA,NA
E01032722,0,NA,NA,NA,NA,NA
E01032764,0,NA,NA,NA,NA,NA
E01032765,0,NA,NA,NA,NA,NA
E01032766,0,NA,NA,NA,NA,NA
E01032767,0,NA,NA,NA,NA,NA
E01032768,0,NA,NA,NA,NA,NA
E01032769,0,NA,NA,NA,NA,NA
E01032770,0,NA,NA,NA,NA,NA
E01032771,0,NA,NA,NA,NA,NA
E01032772,0,NA,NA,NA,NA,NA
E01032773,0,NA,NA,NA,NA,NA
E01032774,0,NA,NA,NA,NA,NA
E01032775,0,NA,NA,NA,NA,NA
E01032776,0,NA,NA,NA,NA,NA
E01032777,0,NA,NA,NA,NA,NA
E01032778,0,NA,NA,NA,NA,NA
E01032779,0,NA,NA,NA,NA,NA
E01032780,0,NA,NA,NA,NA,NA
E01032781,0,NA,NA,NA,NA,NA
E01032782,0,NA,NA,NA,NA,NA
E01032783,0,NA,NA,NA,NA,NA
E01032784,0,NA,NA,NA,NA,NA
E01032785,0,NA,NA,NA,NA,NA
E01032786,0,NA,NA,NA,NA,NA
E01032787,0,NA,NA,NA,NA,NA
E01032788,0,NA,NA,NA,NA,NA
E01032789,0,NA,NA,NA,NA,NA
E01032790,0,NA,NA,NA,NA,NA
E01032803,0,NA,NA,NA,NA,NA
E01032805,0,NA,NA,NA,NA,NA
E01032834,0,NA,NA,NA,NA,NA
E01033093,0,NA,NA,NA,NA,NA
E01033098,0,NA,NA,NA,NA,NA
E01033099,0,NA,NA,NA,NA,NA
E01033100,0,NA,NA,NA,NA,NA
E01033101,0,NA,NA,NA,NA,NA
E01033132,0,NA,NA,NA,NA,NA
E01033133,0,NA,NA,NA,NA,NA
E01033135,0,NA,NA,NA,NA,NA
E01033207,0,NA,NA,NA,NA,NA
E01033208,0,NA,NA,NA,NA,NA
E01033320,0,NA,NA,NA,NA,NA
E01033322,0,NA,NA,NA,NA,NA
E01033324,0,NA,NA,NA,NA,NA
E01033325,0,NA,NA,NA,NA,NA
E01033327,0,NA,NA,NA,NA,NA
E01033341,0,NA,NA,NA,NA,NA
E01033486,0,NA,NA,NA,NA,NA
E01033487,0,NA,NA,NA,NA,NA
E01033488,0,NA,NA,NA,NA,NA
E01033489,0,NA,NA,NA,NA,NA
E01033490,0,NA,NA,NA,NA,NA
E01033491,0,NA,NA,NA,NA,NA
E01033492,0,NA,NA,NA,NA,NA
E01033493,0,NA,NA,NA,NA,NA
E01033494,0,NA,NA,NA,NA,NA
E01033593,0,NA,NA,NA,NA,NA
E01033594,0,NA,NA,NA,NA,NA
E01033595,0,NA,NA,NA,NA,NA
E01033596,0,NA,NA,NA,NA,NA
E01033597,0,NA,NA,NA,NA,NA
E01033598,0,NA,NA,NA,NA,NA
E01033599,0,NA,NA,NA,NA,NA
E01033600,0,NA,NA,NA,NA,NA
E01033601,0,NA,NA,NA,NA,NA
E01033602,0,NA,NA,NA,NA,NA
E01033603,0,NA,NA,NA,NA,NA
E01033604,0,NA,NA,NA,NA,NA
E01033605,0,NA,NA,NA,NA,NA
E01033606,0,NA,NA,NA,NA,NA
E01033607,0,NA,NA,NA,NA,NA
E01033608,0,NA,NA,NA,NA,NA
E01033698,0,NA,NA,NA,NA,NA
E01033699,0,NA,NA,NA,NA,NA
E01033700,0,NA,NA,NA,NA,NA
E01033701,0,NA,NA,NA,NA,NA
E01033702,0,NA,NA,NA,NA,NA
E01033703,0,NA,NA,NA,NA,NA
E01033704,0,NA,NA,NA,NA,NA
E01033705,0,NA,NA,NA,NA,NA
E01033706,0,NA,NA,NA,NA,NA
E01033707,0,NA,NA,NA,NA,NA
E01033708,0,NA,NA,NA,NA,NA
E01033709,0,NA,NA,NA,NA,NA
E01033710,0,NA,NA,NA,NA,NA
E01033711,0,NA,NA,NA,NA,NA
E01033712,0,NA,NA,NA,NA,NA
E01033713,0,NA,NA,NA,NA,NA
E01033726,0,NA,NA,NA,NA,NA
E01033727,0,NA,NA,NA,NA,NA
E01033728,0,NA,NA,NA,NA,NA
E01033729,0,NA,NA,NA,NA,NA
E01033730,0,NA,NA,NA,NA,NA
E01033731,0,NA,NA,NA,NA,NA
E01033732,0,NA,NA,NA,NA,NA
E01033733,0,NA,NA,NA,NA,NA
E01033734,0,NA,NA,NA,NA,NA
E01033735,0,NA,NA,NA,NA,NA
E01033736,0,NA,NA,NA,NA,NA
E01033737,0,NA,NA,NA,NA,NA
E01033738,0,NA,NA,NA,NA,NA
E01033739,0,NA,NA,NA,NA,NA
E01033740,0,NA,NA,NA,NA,NA
E01033741,0,NA,NA,NA,NA,NA
E01033742,0,NA,NA,NA,NA,NA
E01033743,0,NA,NA,NA,NA,NA
E01033744,0,NA,NA,NA,NA,NA
E01033745,0,NA,NA,NA,NA,NA
E01033746,0,NA,NA,NA,NA,NA
