lsoa_code,n_oas,population_density,population_density_median,population_density_min,population_density_max,population_density_sd,data_source,density_category
E01000842,0,NA,NA,NA,NA,NA,imputed,Very High
E01000843,0,NA,NA,NA,NA,NA,imputed,Very High
E01000844,0,NA,NA,NA,NA,NA,imputed,Very High
E01000845,0,NA,NA,NA,NA,NA,imputed,Very High
E01000846,0,NA,NA,NA,NA,NA,imputed,Very High
E01000847,0,NA,NA,NA,NA,NA,imputed,Very High
E01000848,0,NA,NA,NA,NA,NA,imputed,Very High
E01000849,0,NA,NA,NA,NA,NA,imputed,Very High
E01000850,0,NA,NA,NA,NA,NA,imputed,Very High
E01000851,0,NA,NA,NA,NA,NA,imputed,Very High
E01000852,0,NA,NA,NA,NA,NA,imputed,Very High
E01000853,0,NA,NA,NA,NA,NA,imputed,Very High
E01000854,0,NA,NA,NA,NA,NA,imputed,Very High
E01000855,0,NA,NA,NA,NA,NA,imputed,Very High
E01000856,0,NA,NA,NA,NA,NA,imputed,Very High
E01000857,0,NA,NA,NA,NA,NA,imputed,Very High
E01000858,0,NA,NA,NA,NA,NA,imputed,Very High
E01000859,0,NA,NA,NA,NA,NA,imputed,Very High
E01000860,0,NA,NA,NA,NA,NA,imputed,Very High
E01000861,0,NA,NA,NA,NA,NA,imputed,Very High
E01000862,0,NA,NA,NA,NA,NA,imputed,Very High
E01000863,0,NA,NA,NA,NA,NA,imputed,Very High
E01000864,0,NA,NA,NA,NA,NA,imputed,Very High
E01000865,0,NA,NA,NA,NA,NA,imputed,Very High
E01000866,0,NA,NA,NA,NA,NA,imputed,Very High
E01000867,0,NA,NA,NA,NA,NA,imputed,Very High
E01000868,0,NA,NA,NA,NA,NA,imputed,Very High
E01000869,0,NA,NA,NA,NA,NA,imputed,Very High
E01000870,0,NA,NA,NA,NA,NA,imputed,Very High
E01000871,0,NA,NA,NA,NA,NA,imputed,Very High
E01000872,0,NA,NA,NA,NA,NA,imputed,Very High
E01000873,0,NA,NA,NA,NA,NA,imputed,Very High
E01000874,0,NA,NA,NA,NA,NA,imputed,Very High
E01000875,0,NA,NA,NA,NA,NA,imputed,Very High
E01000876,0,NA,NA,NA,NA,NA,imputed,Very High
E01000877,0,NA,NA,NA,NA,NA,imputed,Very High
E01000878,0,NA,NA,NA,NA,NA,imputed,Very High
E01000879,0,NA,NA,NA,NA,NA,imputed,Very High
E01000880,0,NA,NA,NA,NA,NA,imputed,Very High
E01000881,0,NA,NA,NA,NA,NA,imputed,Very High
E01000882,0,NA,NA,NA,NA,NA,imputed,Very High
E01000883,0,NA,NA,NA,NA,NA,imputed,Very High
E01000884,0,NA,NA,NA,NA,NA,imputed,Very High
E01000885,0,NA,NA,NA,NA,NA,imputed,Very High
E01000886,0,NA,NA,NA,NA,NA,imputed,Very High
E01000887,0,NA,NA,NA,NA,NA,imputed,Very High
E01000888,0,NA,NA,NA,NA,NA,imputed,Very High
E01000889,0,NA,NA,NA,NA,NA,imputed,Very High
E01000890,0,NA,NA,NA,NA,NA,imputed,Very High
E01000891,0,NA,NA,NA,NA,NA,imputed,Very High
E01000892,0,NA,NA,NA,NA,NA,imputed,Very High
E01000893,0,NA,NA,NA,NA,NA,imputed,Very High
E01000894,0,NA,NA,NA,NA,NA,imputed,Very High
E01000895,0,NA,NA,NA,NA,NA,imputed,Very High
E01000896,0,NA,NA,NA,NA,NA,imputed,Very High
E01000897,0,NA,NA,NA,NA,NA,imputed,Very High
E01000898,0,NA,NA,NA,NA,NA,imputed,Very High
E01000899,0,NA,NA,NA,NA,NA,imputed,Very High
E01000900,0,NA,NA,NA,NA,NA,imputed,Very High
E01000901,0,NA,NA,NA,NA,NA,imputed,Very High
E01000902,0,NA,NA,NA,NA,NA,imputed,Very High
E01000903,0,NA,NA,NA,NA,NA,imputed,Very High
E01000904,0,NA,NA,NA,NA,NA,imputed,Very High
E01000905,0,NA,NA,NA,NA,NA,imputed,Very High
E01000906,0,NA,NA,NA,NA,NA,imputed,Very High
E01000907,0,NA,NA,NA,NA,NA,imputed,Very High
E01000908,0,NA,NA,NA,NA,NA,imputed,Very High
E01000909,0,NA,NA,NA,NA,NA,imputed,Very High
E01000910,0,NA,NA,NA,NA,NA,imputed,Very High
E01000911,0,NA,NA,NA,NA,NA,imputed,Very High
E01000912,0,NA,NA,NA,NA,NA,imputed,Very High
E01000913,0,NA,NA,NA,NA,NA,imputed,Very High
E01000914,0,NA,NA,NA,NA,NA,imputed,Very High
E01000915,0,NA,NA,NA,NA,NA,imputed,Very High
E01000916,0,NA,NA,NA,NA,NA,imputed,Very High
E01000917,0,NA,NA,NA,NA,NA,imputed,Very High
E01000918,0,NA,NA,NA,NA,NA,imputed,Very High
E01000919,0,NA,NA,NA,NA,NA,imputed,Very High
E01000920,0,NA,NA,NA,NA,NA,imputed,Very High
E01000921,0,NA,NA,NA,NA,NA,imputed,Very High
E01000922,0,NA,NA,NA,NA,NA,imputed,Very High
E01000923,0,NA,NA,NA,NA,NA,imputed,Very High
E01000924,0,NA,NA,NA,NA,NA,imputed,Very High
E01000925,0,NA,NA,NA,NA,NA,imputed,Very High
E01000926,0,NA,NA,NA,NA,NA,imputed,Very High
E01000927,0,NA,NA,NA,NA,NA,imputed,Very High
E01000928,0,NA,NA,NA,NA,NA,imputed,Very High
E01000929,0,NA,NA,NA,NA,NA,imputed,Very High
E01000930,0,NA,NA,NA,NA,NA,imputed,Very High
E01000931,0,NA,NA,NA,NA,NA,imputed,Very High
E01000932,0,NA,NA,NA,NA,NA,imputed,Very High
E01000933,0,NA,NA,NA,NA,NA,imputed,Very High
E01000934,0,NA,NA,NA,NA,NA,imputed,Very High
E01000935,0,NA,NA,NA,NA,NA,imputed,Very High
E01000936,0,NA,NA,NA,NA,NA,imputed,Very High
E01000937,0,NA,NA,NA,NA,NA,imputed,Very High
E01000938,0,NA,NA,NA,NA,NA,imputed,Very High
E01000939,0,NA,NA,NA,NA,NA,imputed,Very High
E01000940,0,NA,NA,NA,NA,NA,imputed,Very High
E01000941,0,NA,NA,NA,NA,NA,imputed,Very High
E01000942,0,NA,NA,NA,NA,NA,imputed,Very High
E01000943,0,NA,NA,NA,NA,NA,imputed,Very High
E01000944,0,NA,NA,NA,NA,NA,imputed,Very High
E01000945,0,NA,NA,NA,NA,NA,imputed,Very High
E01000946,0,NA,NA,NA,NA,NA,imputed,Very High
E01000947,0,NA,NA,NA,NA,NA,imputed,Very High
E01000948,0,NA,NA,NA,NA,NA,imputed,Very High
E01000949,0,NA,NA,NA,NA,NA,imputed,Very High
E01000950,0,NA,NA,NA,NA,NA,imputed,Very High
E01000951,0,NA,NA,NA,NA,NA,imputed,Very High
E01000952,0,NA,NA,NA,NA,NA,imputed,Very High
E01000953,0,NA,NA,NA,NA,NA,imputed,Very High
E01000954,0,NA,NA,NA,NA,NA,imputed,Very High
E01000955,0,NA,NA,NA,NA,NA,imputed,Very High
E01000956,0,NA,NA,NA,NA,NA,imputed,Very High
E01000957,0,NA,NA,NA,NA,NA,imputed,Very High
E01000958,0,NA,NA,NA,NA,NA,imputed,Very High
E01000959,0,NA,NA,NA,NA,NA,imputed,Very High
E01000960,0,NA,NA,NA,NA,NA,imputed,Very High
E01000961,0,NA,NA,NA,NA,NA,imputed,Very High
E01000962,0,NA,NA,NA,NA,NA,imputed,Very High
E01000963,0,NA,NA,NA,NA,NA,imputed,Very High
E01000964,0,NA,NA,NA,NA,NA,imputed,Very High
E01000965,0,NA,NA,NA,NA,NA,imputed,Very High
E01000966,0,NA,NA,NA,NA,NA,imputed,Very High
E01000967,0,NA,NA,NA,NA,NA,imputed,Very High
E01000968,0,NA,NA,NA,NA,NA,imputed,Very High
E01000969,0,NA,NA,NA,NA,NA,imputed,Very High
E01000970,0,NA,NA,NA,NA,NA,imputed,Very High
E01000971,0,NA,NA,NA,NA,NA,imputed,Very High
E01000972,0,NA,NA,NA,NA,NA,imputed,Very High
E01000973,0,NA,NA,NA,NA,NA,imputed,Very High
E01000974,0,NA,NA,NA,NA,NA,imputed,Very High
E01001571,0,NA,NA,NA,NA,NA,imputed,Very High
E01001572,0,NA,NA,NA,NA,NA,imputed,Very High
E01001573,0,NA,NA,NA,NA,NA,imputed,Very High
E01001574,0,NA,NA,NA,NA,NA,imputed,Very High
E01001575,0,NA,NA,NA,NA,NA,imputed,Very High
E01001576,0,NA,NA,NA,NA,NA,imputed,Very High
E01001577,0,NA,NA,NA,NA,NA,imputed,Very High
E01001578,0,NA,NA,NA,NA,NA,imputed,Very High
E01001579,0,NA,NA,NA,NA,NA,imputed,Very High
E01001580,0,NA,NA,NA,NA,NA,imputed,Very High
E01001581,0,NA,NA,NA,NA,NA,imputed,Very High
E01001582,0,NA,NA,NA,NA,NA,imputed,Very High
E01001583,0,NA,NA,NA,NA,NA,imputed,Very High
E01001584,0,NA,NA,NA,NA,NA,imputed,Very High
E01001585,0,NA,NA,NA,NA,NA,imputed,Very High
E01001586,0,NA,NA,NA,NA,NA,imputed,Very High
E01001587,0,NA,NA,NA,NA,NA,imputed,Very High
E01001588,0,NA,NA,NA,NA,NA,imputed,Very High
E01001589,0,NA,NA,NA,NA,NA,imputed,Very High
E01001590,0,NA,NA,NA,NA,NA,imputed,Very High
E01001591,0,NA,NA,NA,NA,NA,imputed,Very High
E01001592,0,NA,NA,NA,NA,NA,imputed,Very High
E01001593,0,NA,NA,NA,NA,NA,imputed,Very High
E01001594,0,NA,NA,NA,NA,NA,imputed,Very High
E01001595,0,NA,NA,NA,NA,NA,imputed,Very High
E01001596,0,NA,NA,NA,NA,NA,imputed,Very High
E01001597,0,NA,NA,NA,NA,NA,imputed,Very High
E01001598,0,NA,NA,NA,NA,NA,imputed,Very High
E01001599,0,NA,NA,NA,NA,NA,imputed,Very High
E01001600,0,NA,NA,NA,NA,NA,imputed,Very High
E01001601,0,NA,NA,NA,NA,NA,imputed,Very High
E01001602,0,NA,NA,NA,NA,NA,imputed,Very High
E01001603,0,NA,NA,NA,NA,NA,imputed,Very High
E01001604,0,NA,NA,NA,NA,NA,imputed,Very High
E01001605,0,NA,NA,NA,NA,NA,imputed,Very High
E01001606,0,NA,NA,NA,NA,NA,imputed,Very High
E01001607,0,NA,NA,NA,NA,NA,imputed,Very High
E01001608,0,NA,NA,NA,NA,NA,imputed,Very High
E01001609,0,NA,NA,NA,NA,NA,imputed,Very High
E01001610,0,NA,NA,NA,NA,NA,imputed,Very High
E01001611,0,NA,NA,NA,NA,NA,imputed,Very High
E01001613,0,NA,NA,NA,NA,NA,imputed,Very High
E01001614,0,NA,NA,NA,NA,NA,imputed,Very High
E01001615,0,NA,NA,NA,NA,NA,imputed,Very High
E01001617,0,NA,NA,NA,NA,NA,imputed,Very High
E01001618,0,NA,NA,NA,NA,NA,imputed,Very High
E01001619,0,NA,NA,NA,NA,NA,imputed,Very High
E01001620,0,NA,NA,NA,NA,NA,imputed,Very High
E01001621,0,NA,NA,NA,NA,NA,imputed,Very High
E01001623,0,NA,NA,NA,NA,NA,imputed,Very High
E01001624,0,NA,NA,NA,NA,NA,imputed,Very High
E01001625,0,NA,NA,NA,NA,NA,imputed,Very High
E01001629,0,NA,NA,NA,NA,NA,imputed,Very High
E01001631,0,NA,NA,NA,NA,NA,imputed,Very High
E01001632,0,NA,NA,NA,NA,NA,imputed,Very High
E01001633,0,NA,NA,NA,NA,NA,imputed,Very High
E01001634,0,NA,NA,NA,NA,NA,imputed,Very High
E01001635,0,NA,NA,NA,NA,NA,imputed,Very High
E01001636,0,NA,NA,NA,NA,NA,imputed,Very High
E01001637,0,NA,NA,NA,NA,NA,imputed,Very High
E01001638,0,NA,NA,NA,NA,NA,imputed,Very High
E01001640,0,NA,NA,NA,NA,NA,imputed,Very High
E01001641,0,NA,NA,NA,NA,NA,imputed,Very High
E01001642,0,NA,NA,NA,NA,NA,imputed,Very High
E01001644,0,NA,NA,NA,NA,NA,imputed,Very High
E01001645,0,NA,NA,NA,NA,NA,imputed,Very High
E01001646,0,NA,NA,NA,NA,NA,imputed,Very High
E01001647,0,NA,NA,NA,NA,NA,imputed,Very High
E01001648,0,NA,NA,NA,NA,NA,imputed,Very High
E01001649,0,NA,NA,NA,NA,NA,imputed,Very High
E01001650,0,NA,NA,NA,NA,NA,imputed,Very High
E01001651,0,NA,NA,NA,NA,NA,imputed,Very High
E01001652,0,NA,NA,NA,NA,NA,imputed,Very High
E01001653,0,NA,NA,NA,NA,NA,imputed,Very High
E01001654,0,NA,NA,NA,NA,NA,imputed,Very High
E01001655,0,NA,NA,NA,NA,NA,imputed,Very High
E01001656,0,NA,NA,NA,NA,NA,imputed,Very High
E01001657,0,NA,NA,NA,NA,NA,imputed,Very High
E01001658,0,NA,NA,NA,NA,NA,imputed,Very High
E01001659,0,NA,NA,NA,NA,NA,imputed,Very High
E01001660,0,NA,NA,NA,NA,NA,imputed,Very High
E01001661,0,NA,NA,NA,NA,NA,imputed,Very High
E01001662,0,NA,NA,NA,NA,NA,imputed,Very High
E01001664,0,NA,NA,NA,NA,NA,imputed,Very High
E01001665,0,NA,NA,NA,NA,NA,imputed,Very High
E01001666,0,NA,NA,NA,NA,NA,imputed,Very High
E01001667,0,NA,NA,NA,NA,NA,imputed,Very High
E01001668,0,NA,NA,NA,NA,NA,imputed,Very High
E01001669,0,NA,NA,NA,NA,NA,imputed,Very High
E01001671,0,NA,NA,NA,NA,NA,imputed,Very High
E01001672,0,NA,NA,NA,NA,NA,imputed,Very High
E01001673,0,NA,NA,NA,NA,NA,imputed,Very High
E01001674,0,NA,NA,NA,NA,NA,imputed,Very High
E01001675,0,NA,NA,NA,NA,NA,imputed,Very High
E01001676,0,NA,NA,NA,NA,NA,imputed,Very High
E01001677,0,NA,NA,NA,NA,NA,imputed,Very High
E01001678,0,NA,NA,NA,NA,NA,imputed,Very High
E01001679,0,NA,NA,NA,NA,NA,imputed,Very High
E01001680,0,NA,NA,NA,NA,NA,imputed,Very High
E01001681,0,NA,NA,NA,NA,NA,imputed,Very High
E01001682,0,NA,NA,NA,NA,NA,imputed,Very High
E01001683,0,NA,NA,NA,NA,NA,imputed,Very High
E01001684,0,NA,NA,NA,NA,NA,imputed,Very High
E01001685,0,NA,NA,NA,NA,NA,imputed,Very High
E01001686,0,NA,NA,NA,NA,NA,imputed,Very High
E01001687,0,NA,NA,NA,NA,NA,imputed,Very High
E01001688,0,NA,NA,NA,NA,NA,imputed,Very High
E01001690,0,NA,NA,NA,NA,NA,imputed,Very High
E01001692,0,NA,NA,NA,NA,NA,imputed,Very High
E01001693,0,NA,NA,NA,NA,NA,imputed,Very High
E01001694,0,NA,NA,NA,NA,NA,imputed,Very High
E01001695,0,NA,NA,NA,NA,NA,imputed,Very High
E01001696,0,NA,NA,NA,NA,NA,imputed,Very High
E01001697,0,NA,NA,NA,NA,NA,imputed,Very High
E01001698,0,NA,NA,NA,NA,NA,imputed,Very High
E01001699,0,NA,NA,NA,NA,NA,imputed,Very High
E01001700,0,NA,NA,NA,NA,NA,imputed,Very High
E01001701,0,NA,NA,NA,NA,NA,imputed,Very High
E01001702,0,NA,NA,NA,NA,NA,imputed,Very High
E01001703,0,NA,NA,NA,NA,NA,imputed,Very High
E01001704,0,NA,NA,NA,NA,NA,imputed,Very High
E01001705,0,NA,NA,NA,NA,NA,imputed,Very High
E01001706,0,NA,NA,NA,NA,NA,imputed,Very High
E01001708,0,NA,NA,NA,NA,NA,imputed,Very High
E01001709,0,NA,NA,NA,NA,NA,imputed,Very High
E01001710,0,NA,NA,NA,NA,NA,imputed,Very High
E01001711,0,NA,NA,NA,NA,NA,imputed,Very High
E01001712,0,NA,NA,NA,NA,NA,imputed,Very High
E01001713,0,NA,NA,NA,NA,NA,imputed,Very High
E01001714,0,NA,NA,NA,NA,NA,imputed,Very High
E01001715,0,NA,NA,NA,NA,NA,imputed,Very High
E01001716,0,NA,NA,NA,NA,NA,imputed,Very High
E01001717,0,NA,NA,NA,NA,NA,imputed,Very High
E01001718,0,NA,NA,NA,NA,NA,imputed,Very High
E01001719,0,NA,NA,NA,NA,NA,imputed,Very High
E01001720,0,NA,NA,NA,NA,NA,imputed,Very High
E01001722,0,NA,NA,NA,NA,NA,imputed,Very High
E01001723,0,NA,NA,NA,NA,NA,imputed,Very High
E01001724,0,NA,NA,NA,NA,NA,imputed,Very High
E01001725,0,NA,NA,NA,NA,NA,imputed,Very High
E01001726,0,NA,NA,NA,NA,NA,imputed,Very High
E01001727,0,NA,NA,NA,NA,NA,imputed,Very High
E01001728,0,NA,NA,NA,NA,NA,imputed,Very High
E01001729,0,NA,NA,NA,NA,NA,imputed,Very High
E01001730,0,NA,NA,NA,NA,NA,imputed,Very High
E01001731,0,NA,NA,NA,NA,NA,imputed,Very High
E01001732,0,NA,NA,NA,NA,NA,imputed,Very High
E01001733,0,NA,NA,NA,NA,NA,imputed,Very High
E01001734,0,NA,NA,NA,NA,NA,imputed,Very High
E01001735,0,NA,NA,NA,NA,NA,imputed,Very High
E01001736,0,NA,NA,NA,NA,NA,imputed,Very High
E01001737,0,NA,NA,NA,NA,NA,imputed,Very High
E01001738,0,NA,NA,NA,NA,NA,imputed,Very High
E01001739,0,NA,NA,NA,NA,NA,imputed,Very High
E01001740,0,NA,NA,NA,NA,NA,imputed,Very High
E01001741,0,NA,NA,NA,NA,NA,imputed,Very High
E01001742,0,NA,NA,NA,NA,NA,imputed,Very High
E01001744,0,NA,NA,NA,NA,NA,imputed,Very High
E01001745,0,NA,NA,NA,NA,NA,imputed,Very High
E01001746,0,NA,NA,NA,NA,NA,imputed,Very High
E01001747,0,NA,NA,NA,NA,NA,imputed,Very High
E01001748,0,NA,NA,NA,NA,NA,imputed,Very High
E01001749,0,NA,NA,NA,NA,NA,imputed,Very High
E01001750,0,NA,NA,NA,NA,NA,imputed,Very High
E01001751,0,NA,NA,NA,NA,NA,imputed,Very High
E01001752,0,NA,NA,NA,NA,NA,imputed,Very High
E01001753,0,NA,NA,NA,NA,NA,imputed,Very High
E01001754,0,NA,NA,NA,NA,NA,imputed,Very High
E01001755,0,NA,NA,NA,NA,NA,imputed,Very High
E01001756,0,NA,NA,NA,NA,NA,imputed,Very High
E01001757,0,NA,NA,NA,NA,NA,imputed,Very High
E01001758,0,NA,NA,NA,NA,NA,imputed,Very High
E01001759,0,NA,NA,NA,NA,NA,imputed,Very High
E01001760,0,NA,NA,NA,NA,NA,imputed,Very High
E01001761,0,NA,NA,NA,NA,NA,imputed,Very High
E01001762,0,NA,NA,NA,NA,NA,imputed,Very High
E01001763,0,NA,NA,NA,NA,NA,imputed,Very High
E01001764,0,NA,NA,NA,NA,NA,imputed,Very High
E01001765,0,NA,NA,NA,NA,NA,imputed,Very High
E01001767,0,NA,NA,NA,NA,NA,imputed,Very High
E01001768,0,NA,NA,NA,NA,NA,imputed,Very High
E01001769,0,NA,NA,NA,NA,NA,imputed,Very High
E01001770,0,NA,NA,NA,NA,NA,imputed,Very High
E01001772,0,NA,NA,NA,NA,NA,imputed,Very High
E01001773,0,NA,NA,NA,NA,NA,imputed,Very High
E01001774,0,NA,NA,NA,NA,NA,imputed,Very High
E01001775,0,NA,NA,NA,NA,NA,imputed,Very High
E01001776,0,NA,NA,NA,NA,NA,imputed,Very High
E01001777,0,NA,NA,NA,NA,NA,imputed,Very High
E01001779,0,NA,NA,NA,NA,NA,imputed,Very High
E01001780,0,NA,NA,NA,NA,NA,imputed,Very High
E01001781,0,NA,NA,NA,NA,NA,imputed,Very High
E01001782,0,NA,NA,NA,NA,NA,imputed,Very High
E01001783,0,NA,NA,NA,NA,NA,imputed,Very High
E01001784,0,NA,NA,NA,NA,NA,imputed,Very High
E01001785,0,NA,NA,NA,NA,NA,imputed,Very High
E01001786,0,NA,NA,NA,NA,NA,imputed,Very High
E01001787,0,NA,NA,NA,NA,NA,imputed,Very High
E01001788,0,NA,NA,NA,NA,NA,imputed,Very High
E01001789,0,NA,NA,NA,NA,NA,imputed,Very High
E01001790,0,NA,NA,NA,NA,NA,imputed,Very High
E01001791,0,NA,NA,NA,NA,NA,imputed,Very High
E01001792,0,NA,NA,NA,NA,NA,imputed,Very High
E01001793,0,NA,NA,NA,NA,NA,imputed,Very High
E01001794,0,NA,NA,NA,NA,NA,imputed,Very High
E01001795,0,NA,NA,NA,NA,NA,imputed,Very High
E01001796,0,NA,NA,NA,NA,NA,imputed,Very High
E01001798,0,NA,NA,NA,NA,NA,imputed,Very High
E01001799,0,NA,NA,NA,NA,NA,imputed,Very High
E01001800,0,NA,NA,NA,NA,NA,imputed,Very High
E01001801,0,NA,NA,NA,NA,NA,imputed,Very High
E01001802,0,NA,NA,NA,NA,NA,imputed,Very High
E01001803,0,NA,NA,NA,NA,NA,imputed,Very High
E01001804,0,NA,NA,NA,NA,NA,imputed,Very High
E01001805,0,NA,NA,NA,NA,NA,imputed,Very High
E01001806,0,NA,NA,NA,NA,NA,imputed,Very High
E01001807,0,NA,NA,NA,NA,NA,imputed,Very High
E01001808,0,NA,NA,NA,NA,NA,imputed,Very High
E01001809,0,NA,NA,NA,NA,NA,imputed,Very High
E01001811,0,NA,NA,NA,NA,NA,imputed,Very High
E01001812,0,NA,NA,NA,NA,NA,imputed,Very High
E01001813,0,NA,NA,NA,NA,NA,imputed,Very High
E01001814,0,NA,NA,NA,NA,NA,imputed,Very High
E01001815,0,NA,NA,NA,NA,NA,imputed,Very High
E01001816,0,NA,NA,NA,NA,NA,imputed,Very High
E01001819,0,NA,NA,NA,NA,NA,imputed,Very High
E01001820,0,NA,NA,NA,NA,NA,imputed,Very High
E01001821,0,NA,NA,NA,NA,NA,imputed,Very High
E01001822,0,NA,NA,NA,NA,NA,imputed,Very High
E01001823,0,NA,NA,NA,NA,NA,imputed,Very High
E01001824,0,NA,NA,NA,NA,NA,imputed,Very High
E01001825,0,NA,NA,NA,NA,NA,imputed,Very High
E01001826,0,NA,NA,NA,NA,NA,imputed,Very High
E01001827,0,NA,NA,NA,NA,NA,imputed,Very High
E01001828,0,NA,NA,NA,NA,NA,imputed,Very High
E01001829,0,NA,NA,NA,NA,NA,imputed,Very High
E01001830,0,NA,NA,NA,NA,NA,imputed,Very High
E01001831,0,NA,NA,NA,NA,NA,imputed,Very High
E01001832,0,NA,NA,NA,NA,NA,imputed,Very High
E01001833,0,NA,NA,NA,NA,NA,imputed,Very High
E01001834,0,NA,NA,NA,NA,NA,imputed,Very High
E01001835,0,NA,NA,NA,NA,NA,imputed,Very High
E01001836,0,NA,NA,NA,NA,NA,imputed,Very High
E01001837,0,NA,NA,NA,NA,NA,imputed,Very High
E01001838,0,NA,NA,NA,NA,NA,imputed,Very High
E01001839,0,NA,NA,NA,NA,NA,imputed,Very High
E01001840,0,NA,NA,NA,NA,NA,imputed,Very High
E01001841,0,NA,NA,NA,NA,NA,imputed,Very High
E01001842,0,NA,NA,NA,NA,NA,imputed,Very High
E01001843,0,NA,NA,NA,NA,NA,imputed,Very High
E01001844,0,NA,NA,NA,NA,NA,imputed,Very High
E01001845,0,NA,NA,NA,NA,NA,imputed,Very High
E01001846,0,NA,NA,NA,NA,NA,imputed,Very High
E01001847,0,NA,NA,NA,NA,NA,imputed,Very High
E01001848,0,NA,NA,NA,NA,NA,imputed,Very High
E01001849,0,NA,NA,NA,NA,NA,imputed,Very High
E01001850,0,NA,NA,NA,NA,NA,imputed,Very High
E01001851,0,NA,NA,NA,NA,NA,imputed,Very High
E01001852,0,NA,NA,NA,NA,NA,imputed,Very High
E01001853,0,NA,NA,NA,NA,NA,imputed,Very High
E01001854,0,NA,NA,NA,NA,NA,imputed,Very High
E01001855,0,NA,NA,NA,NA,NA,imputed,Very High
E01001856,0,NA,NA,NA,NA,NA,imputed,Very High
E01001857,0,NA,NA,NA,NA,NA,imputed,Very High
E01001858,0,NA,NA,NA,NA,NA,imputed,Very High
E01001859,0,NA,NA,NA,NA,NA,imputed,Very High
E01001860,0,NA,NA,NA,NA,NA,imputed,Very High
E01001861,0,NA,NA,NA,NA,NA,imputed,Very High
E01001862,0,NA,NA,NA,NA,NA,imputed,Very High
E01001863,0,NA,NA,NA,NA,NA,imputed,Very High
E01001864,0,NA,NA,NA,NA,NA,imputed,Very High
E01001865,0,NA,NA,NA,NA,NA,imputed,Very High
E01001866,0,NA,NA,NA,NA,NA,imputed,Very High
E01001867,0,NA,NA,NA,NA,NA,imputed,Very High
E01001868,0,NA,NA,NA,NA,NA,imputed,Very High
E01001869,0,NA,NA,NA,NA,NA,imputed,Very High
E01001870,0,NA,NA,NA,NA,NA,imputed,Very High
E01001871,0,NA,NA,NA,NA,NA,imputed,Very High
E01001872,0,NA,NA,NA,NA,NA,imputed,Very High
E01001873,0,NA,NA,NA,NA,NA,imputed,Very High
E01001874,0,NA,NA,NA,NA,NA,imputed,Very High
E01001875,0,NA,NA,NA,NA,NA,imputed,Very High
E01001876,0,NA,NA,NA,NA,NA,imputed,Very High
E01001877,0,NA,NA,NA,NA,NA,imputed,Very High
E01001878,0,NA,NA,NA,NA,NA,imputed,Very High
E01001879,0,NA,NA,NA,NA,NA,imputed,Very High
E01001880,0,NA,NA,NA,NA,NA,imputed,Very High
E01001881,0,NA,NA,NA,NA,NA,imputed,Very High
E01001882,0,NA,NA,NA,NA,NA,imputed,Very High
E01001883,0,NA,NA,NA,NA,NA,imputed,Very High
E01001884,0,NA,NA,NA,NA,NA,imputed,Very High
E01001885,0,NA,NA,NA,NA,NA,imputed,Very High
E01001886,0,NA,NA,NA,NA,NA,imputed,Very High
E01001887,0,NA,NA,NA,NA,NA,imputed,Very High
E01001888,0,NA,NA,NA,NA,NA,imputed,Very High
E01001889,0,NA,NA,NA,NA,NA,imputed,Very High
E01001890,0,NA,NA,NA,NA,NA,imputed,Very High
E01001891,0,NA,NA,NA,NA,NA,imputed,Very High
E01001892,0,NA,NA,NA,NA,NA,imputed,Very High
E01001893,0,NA,NA,NA,NA,NA,imputed,Very High
E01001894,0,NA,NA,NA,NA,NA,imputed,Very High
E01001895,0,NA,NA,NA,NA,NA,imputed,Very High
E01001896,0,NA,NA,NA,NA,NA,imputed,Very High
E01001897,0,NA,NA,NA,NA,NA,imputed,Very High
E01001898,0,NA,NA,NA,NA,NA,imputed,Very High
E01001899,0,NA,NA,NA,NA,NA,imputed,Very High
E01001900,0,NA,NA,NA,NA,NA,imputed,Very High
E01001901,0,NA,NA,NA,NA,NA,imputed,Very High
E01001902,0,NA,NA,NA,NA,NA,imputed,Very High
E01001903,0,NA,NA,NA,NA,NA,imputed,Very High
E01001904,0,NA,NA,NA,NA,NA,imputed,Very High
E01001905,0,NA,NA,NA,NA,NA,imputed,Very High
E01001906,0,NA,NA,NA,NA,NA,imputed,Very High
E01001907,0,NA,NA,NA,NA,NA,imputed,Very High
E01001908,0,NA,NA,NA,NA,NA,imputed,Very High
E01001909,0,NA,NA,NA,NA,NA,imputed,Very High
E01001910,0,NA,NA,NA,NA,NA,imputed,Very High
E01001911,0,NA,NA,NA,NA,NA,imputed,Very High
E01001912,0,NA,NA,NA,NA,NA,imputed,Very High
E01001913,0,NA,NA,NA,NA,NA,imputed,Very High
E01001914,0,NA,NA,NA,NA,NA,imputed,Very High
E01001915,0,NA,NA,NA,NA,NA,imputed,Very High
E01001916,0,NA,NA,NA,NA,NA,imputed,Very High
E01001917,0,NA,NA,NA,NA,NA,imputed,Very High
E01001918,0,NA,NA,NA,NA,NA,imputed,Very High
E01001919,0,NA,NA,NA,NA,NA,imputed,Very High
E01001920,0,NA,NA,NA,NA,NA,imputed,Very High
E01001921,0,NA,NA,NA,NA,NA,imputed,Very High
E01001922,0,NA,NA,NA,NA,NA,imputed,Very High
E01001923,0,NA,NA,NA,NA,NA,imputed,Very High
E01001924,0,NA,NA,NA,NA,NA,imputed,Very High
E01001925,0,NA,NA,NA,NA,NA,imputed,Very High
E01001926,0,NA,NA,NA,NA,NA,imputed,Very High
E01001927,0,NA,NA,NA,NA,NA,imputed,Very High
E01001928,0,NA,NA,NA,NA,NA,imputed,Very High
E01001929,0,NA,NA,NA,NA,NA,imputed,Very High
E01001930,0,NA,NA,NA,NA,NA,imputed,Very High
E01001931,0,NA,NA,NA,NA,NA,imputed,Very High
E01001932,0,NA,NA,NA,NA,NA,imputed,Very High
E01001933,0,NA,NA,NA,NA,NA,imputed,Very High
E01001934,0,NA,NA,NA,NA,NA,imputed,Very High
E01001935,0,NA,NA,NA,NA,NA,imputed,Very High
E01001937,0,NA,NA,NA,NA,NA,imputed,Very High
E01001938,0,NA,NA,NA,NA,NA,imputed,Very High
E01001939,0,NA,NA,NA,NA,NA,imputed,Very High
E01001940,0,NA,NA,NA,NA,NA,imputed,Very High
E01001941,0,NA,NA,NA,NA,NA,imputed,Very High
E01001942,0,NA,NA,NA,NA,NA,imputed,Very High
E01001943,0,NA,NA,NA,NA,NA,imputed,Very High
E01001944,0,NA,NA,NA,NA,NA,imputed,Very High
E01001945,0,NA,NA,NA,NA,NA,imputed,Very High
E01001946,0,NA,NA,NA,NA,NA,imputed,Very High
E01001947,0,NA,NA,NA,NA,NA,imputed,Very High
E01001948,0,NA,NA,NA,NA,NA,imputed,Very High
E01001949,0,NA,NA,NA,NA,NA,imputed,Very High
E01001950,0,NA,NA,NA,NA,NA,imputed,Very High
E01001951,0,NA,NA,NA,NA,NA,imputed,Very High
E01001952,0,NA,NA,NA,NA,NA,imputed,Very High
E01001953,0,NA,NA,NA,NA,NA,imputed,Very High
E01001954,0,NA,NA,NA,NA,NA,imputed,Very High
E01001955,0,NA,NA,NA,NA,NA,imputed,Very High
E01001956,0,NA,NA,NA,NA,NA,imputed,Very High
E01001957,0,NA,NA,NA,NA,NA,imputed,Very High
E01001958,0,NA,NA,NA,NA,NA,imputed,Very High
E01001959,0,NA,NA,NA,NA,NA,imputed,Very High
E01001960,0,NA,NA,NA,NA,NA,imputed,Very High
E01001961,0,NA,NA,NA,NA,NA,imputed,Very High
E01002694,0,NA,NA,NA,NA,NA,imputed,Very High
E01002695,0,NA,NA,NA,NA,NA,imputed,Very High
E01002696,0,NA,NA,NA,NA,NA,imputed,Very High
E01002697,0,NA,NA,NA,NA,NA,imputed,Very High
E01002698,0,NA,NA,NA,NA,NA,imputed,Very High
E01002699,0,NA,NA,NA,NA,NA,imputed,Very High
E01002700,0,NA,NA,NA,NA,NA,imputed,Very High
E01002701,0,NA,NA,NA,NA,NA,imputed,Very High
E01002702,0,NA,NA,NA,NA,NA,imputed,Very High
E01002703,0,NA,NA,NA,NA,NA,imputed,Very High
E01002704,0,NA,NA,NA,NA,NA,imputed,Very High
E01002706,0,NA,NA,NA,NA,NA,imputed,Very High
E01002707,0,NA,NA,NA,NA,NA,imputed,Very High
E01002708,0,NA,NA,NA,NA,NA,imputed,Very High
E01002709,0,NA,NA,NA,NA,NA,imputed,Very High
E01002710,0,NA,NA,NA,NA,NA,imputed,Very High
E01002711,0,NA,NA,NA,NA,NA,imputed,Very High
E01002712,0,NA,NA,NA,NA,NA,imputed,Very High
E01002713,0,NA,NA,NA,NA,NA,imputed,Very High
E01002714,0,NA,NA,NA,NA,NA,imputed,Very High
E01002715,0,NA,NA,NA,NA,NA,imputed,Very High
E01002716,0,NA,NA,NA,NA,NA,imputed,Very High
E01002717,0,NA,NA,NA,NA,NA,imputed,Very High
E01002718,0,NA,NA,NA,NA,NA,imputed,Very High
E01002719,0,NA,NA,NA,NA,NA,imputed,Very High
E01002720,0,NA,NA,NA,NA,NA,imputed,Very High
E01002721,0,NA,NA,NA,NA,NA,imputed,Very High
E01002722,0,NA,NA,NA,NA,NA,imputed,Very High
E01002723,0,NA,NA,NA,NA,NA,imputed,Very High
E01002724,0,NA,NA,NA,NA,NA,imputed,Very High
E01002725,0,NA,NA,NA,NA,NA,imputed,Very High
E01002726,0,NA,NA,NA,NA,NA,imputed,Very High
E01002727,0,NA,NA,NA,NA,NA,imputed,Very High
E01002728,0,NA,NA,NA,NA,NA,imputed,Very High
E01002729,0,NA,NA,NA,NA,NA,imputed,Very High
E01002730,0,NA,NA,NA,NA,NA,imputed,Very High
E01002731,0,NA,NA,NA,NA,NA,imputed,Very High
E01002732,0,NA,NA,NA,NA,NA,imputed,Very High
E01002733,0,NA,NA,NA,NA,NA,imputed,Very High
E01002734,0,NA,NA,NA,NA,NA,imputed,Very High
E01002735,0,NA,NA,NA,NA,NA,imputed,Very High
E01002736,0,NA,NA,NA,NA,NA,imputed,Very High
E01002737,0,NA,NA,NA,NA,NA,imputed,Very High
E01002738,0,NA,NA,NA,NA,NA,imputed,Very High
E01002739,0,NA,NA,NA,NA,NA,imputed,Very High
E01002740,0,NA,NA,NA,NA,NA,imputed,Very High
E01002741,0,NA,NA,NA,NA,NA,imputed,Very High
E01002742,0,NA,NA,NA,NA,NA,imputed,Very High
E01002743,0,NA,NA,NA,NA,NA,imputed,Very High
E01002744,0,NA,NA,NA,NA,NA,imputed,Very High
E01002745,0,NA,NA,NA,NA,NA,imputed,Very High
E01002747,0,NA,NA,NA,NA,NA,imputed,Very High
E01002748,0,NA,NA,NA,NA,NA,imputed,Very High
E01002749,0,NA,NA,NA,NA,NA,imputed,Very High
E01002751,0,NA,NA,NA,NA,NA,imputed,Very High
E01002752,0,NA,NA,NA,NA,NA,imputed,Very High
E01002753,0,NA,NA,NA,NA,NA,imputed,Very High
E01002754,0,NA,NA,NA,NA,NA,imputed,Very High
E01002755,0,NA,NA,NA,NA,NA,imputed,Very High
E01002756,0,NA,NA,NA,NA,NA,imputed,Very High
E01002757,0,NA,NA,NA,NA,NA,imputed,Very High
E01002758,0,NA,NA,NA,NA,NA,imputed,Very High
E01002759,0,NA,NA,NA,NA,NA,imputed,Very High
E01002760,0,NA,NA,NA,NA,NA,imputed,Very High
E01002762,0,NA,NA,NA,NA,NA,imputed,Very High
E01002763,0,NA,NA,NA,NA,NA,imputed,Very High
E01002764,0,NA,NA,NA,NA,NA,imputed,Very High
E01002765,0,NA,NA,NA,NA,NA,imputed,Very High
E01002766,0,NA,NA,NA,NA,NA,imputed,Very High
E01002767,0,NA,NA,NA,NA,NA,imputed,Very High
E01002768,0,NA,NA,NA,NA,NA,imputed,Very High
E01002769,0,NA,NA,NA,NA,NA,imputed,Very High
E01002770,0,NA,NA,NA,NA,NA,imputed,Very High
E01002771,0,NA,NA,NA,NA,NA,imputed,Very High
E01002772,0,NA,NA,NA,NA,NA,imputed,Very High
E01002773,0,NA,NA,NA,NA,NA,imputed,Very High
E01002774,0,NA,NA,NA,NA,NA,imputed,Very High
E01002775,0,NA,NA,NA,NA,NA,imputed,Very High
E01002776,0,NA,NA,NA,NA,NA,imputed,Very High
E01002777,0,NA,NA,NA,NA,NA,imputed,Very High
E01002778,0,NA,NA,NA,NA,NA,imputed,Very High
E01002779,0,NA,NA,NA,NA,NA,imputed,Very High
E01002780,0,NA,NA,NA,NA,NA,imputed,Very High
E01002781,0,NA,NA,NA,NA,NA,imputed,Very High
E01002782,0,NA,NA,NA,NA,NA,imputed,Very High
E01002783,0,NA,NA,NA,NA,NA,imputed,Very High
E01002784,0,NA,NA,NA,NA,NA,imputed,Very High
E01002785,0,NA,NA,NA,NA,NA,imputed,Very High
E01002786,0,NA,NA,NA,NA,NA,imputed,Very High
E01002787,0,NA,NA,NA,NA,NA,imputed,Very High
E01002788,0,NA,NA,NA,NA,NA,imputed,Very High
E01002789,0,NA,NA,NA,NA,NA,imputed,Very High
E01002790,0,NA,NA,NA,NA,NA,imputed,Very High
E01002791,0,NA,NA,NA,NA,NA,imputed,Very High
E01002792,0,NA,NA,NA,NA,NA,imputed,Very High
E01002793,0,NA,NA,NA,NA,NA,imputed,Very High
E01002794,0,NA,NA,NA,NA,NA,imputed,Very High
E01002795,0,NA,NA,NA,NA,NA,imputed,Very High
E01002796,0,NA,NA,NA,NA,NA,imputed,Very High
E01002797,0,NA,NA,NA,NA,NA,imputed,Very High
E01002798,0,NA,NA,NA,NA,NA,imputed,Very High
E01002799,0,NA,NA,NA,NA,NA,imputed,Very High
E01002800,0,NA,NA,NA,NA,NA,imputed,Very High
E01002801,0,NA,NA,NA,NA,NA,imputed,Very High
E01002802,0,NA,NA,NA,NA,NA,imputed,Very High
E01002803,0,NA,NA,NA,NA,NA,imputed,Very High
E01002804,0,NA,NA,NA,NA,NA,imputed,Very High
E01002805,0,NA,NA,NA,NA,NA,imputed,Very High
E01002806,0,NA,NA,NA,NA,NA,imputed,Very High
E01002807,0,NA,NA,NA,NA,NA,imputed,Very High
E01002808,0,NA,NA,NA,NA,NA,imputed,Very High
E01002809,0,NA,NA,NA,NA,NA,imputed,Very High
E01002810,0,NA,NA,NA,NA,NA,imputed,Very High
E01002811,0,NA,NA,NA,NA,NA,imputed,Very High
E01002812,0,NA,NA,NA,NA,NA,imputed,Very High
E01002813,0,NA,NA,NA,NA,NA,imputed,Very High
E01002814,0,NA,NA,NA,NA,NA,imputed,Very High
E01002815,0,NA,NA,NA,NA,NA,imputed,Very High
E01002816,0,NA,NA,NA,NA,NA,imputed,Very High
E01002817,0,NA,NA,NA,NA,NA,imputed,Very High
E01002818,0,NA,NA,NA,NA,NA,imputed,Very High
E01002819,0,NA,NA,NA,NA,NA,imputed,Very High
E01002820,0,NA,NA,NA,NA,NA,imputed,Very High
E01002821,0,NA,NA,NA,NA,NA,imputed,Very High
E01002822,0,NA,NA,NA,NA,NA,imputed,Very High
E01002823,0,NA,NA,NA,NA,NA,imputed,Very High
E01002824,0,NA,NA,NA,NA,NA,imputed,Very High
E01002825,0,NA,NA,NA,NA,NA,imputed,Very High
E01002826,0,NA,NA,NA,NA,NA,imputed,Very High
E01002827,0,NA,NA,NA,NA,NA,imputed,Very High
E01002828,0,NA,NA,NA,NA,NA,imputed,Very High
E01002829,0,NA,NA,NA,NA,NA,imputed,Very High
E01002830,0,NA,NA,NA,NA,NA,imputed,Very High
E01002831,0,NA,NA,NA,NA,NA,imputed,Very High
E01002832,0,NA,NA,NA,NA,NA,imputed,Very High
E01002833,0,NA,NA,NA,NA,NA,imputed,Very High
E01002834,0,NA,NA,NA,NA,NA,imputed,Very High
E01002835,0,NA,NA,NA,NA,NA,imputed,Very High
E01002836,0,NA,NA,NA,NA,NA,imputed,Very High
E01002837,0,NA,NA,NA,NA,NA,imputed,Very High
E01002838,0,NA,NA,NA,NA,NA,imputed,Very High
E01002839,0,NA,NA,NA,NA,NA,imputed,Very High
E01002840,0,NA,NA,NA,NA,NA,imputed,Very High
E01002841,0,NA,NA,NA,NA,NA,imputed,Very High
E01002842,0,NA,NA,NA,NA,NA,imputed,Very High
E01002843,0,NA,NA,NA,NA,NA,imputed,Very High
E01002844,0,NA,NA,NA,NA,NA,imputed,Very High
E01002845,0,NA,NA,NA,NA,NA,imputed,Very High
E01002846,0,NA,NA,NA,NA,NA,imputed,Very High
E01002847,0,NA,NA,NA,NA,NA,imputed,Very High
E01002848,0,NA,NA,NA,NA,NA,imputed,Very High
E01002849,0,NA,NA,NA,NA,NA,imputed,Very High
E01002850,0,NA,NA,NA,NA,NA,imputed,Very High
E01002851,0,NA,NA,NA,NA,NA,imputed,Very High
E01002852,0,NA,NA,NA,NA,NA,imputed,Very High
E01002853,0,NA,NA,NA,NA,NA,imputed,Very High
E01002854,0,NA,NA,NA,NA,NA,imputed,Very High
E01002855,0,NA,NA,NA,NA,NA,imputed,Very High
E01002856,0,NA,NA,NA,NA,NA,imputed,Very High
E01002857,0,NA,NA,NA,NA,NA,imputed,Very High
E01002858,0,NA,NA,NA,NA,NA,imputed,Very High
E01002859,0,NA,NA,NA,NA,NA,imputed,Very High
E01002860,0,NA,NA,NA,NA,NA,imputed,Very High
E01002861,0,NA,NA,NA,NA,NA,imputed,Very High
E01002862,0,NA,NA,NA,NA,NA,imputed,Very High
E01002863,0,NA,NA,NA,NA,NA,imputed,Very High
E01002864,0,NA,NA,NA,NA,NA,imputed,Very High
E01002865,0,NA,NA,NA,NA,NA,imputed,Very High
E01002866,0,NA,NA,NA,NA,NA,imputed,Very High
E01002867,0,NA,NA,NA,NA,NA,imputed,Very High
E01002868,0,NA,NA,NA,NA,NA,imputed,Very High
E01002869,0,NA,NA,NA,NA,NA,imputed,Very High
E01002870,0,NA,NA,NA,NA,NA,imputed,Very High
E01002871,0,NA,NA,NA,NA,NA,imputed,Very High
E01002872,0,NA,NA,NA,NA,NA,imputed,Very High
E01002873,0,NA,NA,NA,NA,NA,imputed,Very High
E01002874,0,NA,NA,NA,NA,NA,imputed,Very High
E01002875,0,NA,NA,NA,NA,NA,imputed,Very High
E01002876,0,NA,NA,NA,NA,NA,imputed,Very High
E01002877,0,NA,NA,NA,NA,NA,imputed,Very High
E01002878,0,NA,NA,NA,NA,NA,imputed,Very High
E01002879,0,NA,NA,NA,NA,NA,imputed,Very High
E01002880,0,NA,NA,NA,NA,NA,imputed,Very High
E01002881,0,NA,NA,NA,NA,NA,imputed,Very High
E01002882,0,NA,NA,NA,NA,NA,imputed,Very High
E01002883,0,NA,NA,NA,NA,NA,imputed,Very High
E01002884,0,NA,NA,NA,NA,NA,imputed,Very High
E01002885,0,NA,NA,NA,NA,NA,imputed,Very High
E01002886,0,NA,NA,NA,NA,NA,imputed,Very High
E01002887,0,NA,NA,NA,NA,NA,imputed,Very High
E01002888,0,NA,NA,NA,NA,NA,imputed,Very High
E01002889,0,NA,NA,NA,NA,NA,imputed,Very High
E01002890,0,NA,NA,NA,NA,NA,imputed,Very High
E01002891,0,NA,NA,NA,NA,NA,imputed,Very High
E01002892,0,NA,NA,NA,NA,NA,imputed,Very High
E01002893,0,NA,NA,NA,NA,NA,imputed,Very High
E01002894,0,NA,NA,NA,NA,NA,imputed,Very High
E01002895,0,NA,NA,NA,NA,NA,imputed,Very High
E01002896,0,NA,NA,NA,NA,NA,imputed,Very High
E01002897,0,NA,NA,NA,NA,NA,imputed,Very High
E01002898,0,NA,NA,NA,NA,NA,imputed,Very High
E01002899,0,NA,NA,NA,NA,NA,imputed,Very High
E01002900,0,NA,NA,NA,NA,NA,imputed,Very High
E01002901,0,NA,NA,NA,NA,NA,imputed,Very High
E01002902,0,NA,NA,NA,NA,NA,imputed,Very High
E01002903,0,NA,NA,NA,NA,NA,imputed,Very High
E01002904,0,NA,NA,NA,NA,NA,imputed,Very High
E01002905,0,NA,NA,NA,NA,NA,imputed,Very High
E01002906,0,NA,NA,NA,NA,NA,imputed,Very High
E01002907,0,NA,NA,NA,NA,NA,imputed,Very High
E01002908,0,NA,NA,NA,NA,NA,imputed,Very High
E01002909,0,NA,NA,NA,NA,NA,imputed,Very High
E01002910,0,NA,NA,NA,NA,NA,imputed,Very High
E01002911,0,NA,NA,NA,NA,NA,imputed,Very High
E01002912,0,NA,NA,NA,NA,NA,imputed,Very High
E01002913,0,NA,NA,NA,NA,NA,imputed,Very High
E01002914,0,NA,NA,NA,NA,NA,imputed,Very High
E01003013,0,NA,NA,NA,NA,NA,imputed,Very High
E01003014,0,NA,NA,NA,NA,NA,imputed,Very High
E01003015,0,NA,NA,NA,NA,NA,imputed,Very High
E01003016,0,NA,NA,NA,NA,NA,imputed,Very High
E01003017,0,NA,NA,NA,NA,NA,imputed,Very High
E01003018,0,NA,NA,NA,NA,NA,imputed,Very High
E01003019,0,NA,NA,NA,NA,NA,imputed,Very High
E01003020,0,NA,NA,NA,NA,NA,imputed,Very High
E01003021,0,NA,NA,NA,NA,NA,imputed,Very High
E01003022,0,NA,NA,NA,NA,NA,imputed,Very High
E01003023,0,NA,NA,NA,NA,NA,imputed,Very High
E01003024,0,NA,NA,NA,NA,NA,imputed,Very High
E01003025,0,NA,NA,NA,NA,NA,imputed,Very High
E01003026,0,NA,NA,NA,NA,NA,imputed,Very High
E01003027,0,NA,NA,NA,NA,NA,imputed,Very High
E01003028,0,NA,NA,NA,NA,NA,imputed,Very High
E01003029,0,NA,NA,NA,NA,NA,imputed,Very High
E01003030,0,NA,NA,NA,NA,NA,imputed,Very High
E01003031,0,NA,NA,NA,NA,NA,imputed,Very High
E01003032,0,NA,NA,NA,NA,NA,imputed,Very High
E01003033,0,NA,NA,NA,NA,NA,imputed,Very High
E01003034,0,NA,NA,NA,NA,NA,imputed,Very High
E01003035,0,NA,NA,NA,NA,NA,imputed,Very High
E01003036,0,NA,NA,NA,NA,NA,imputed,Very High
E01003037,0,NA,NA,NA,NA,NA,imputed,Very High
E01003038,0,NA,NA,NA,NA,NA,imputed,Very High
E01003039,0,NA,NA,NA,NA,NA,imputed,Very High
E01003040,0,NA,NA,NA,NA,NA,imputed,Very High
E01003041,0,NA,NA,NA,NA,NA,imputed,Very High
E01003042,0,NA,NA,NA,NA,NA,imputed,Very High
E01003043,0,NA,NA,NA,NA,NA,imputed,Very High
E01003044,0,NA,NA,NA,NA,NA,imputed,Very High
E01003045,0,NA,NA,NA,NA,NA,imputed,Very High
E01003046,0,NA,NA,NA,NA,NA,imputed,Very High
E01003047,0,NA,NA,NA,NA,NA,imputed,Very High
E01003048,0,NA,NA,NA,NA,NA,imputed,Very High
E01003049,0,NA,NA,NA,NA,NA,imputed,Very High
E01003050,0,NA,NA,NA,NA,NA,imputed,Very High
E01003051,0,NA,NA,NA,NA,NA,imputed,Very High
E01003052,0,NA,NA,NA,NA,NA,imputed,Very High
E01003053,0,NA,NA,NA,NA,NA,imputed,Very High
E01003054,0,NA,NA,NA,NA,NA,imputed,Very High
E01003055,0,NA,NA,NA,NA,NA,imputed,Very High
E01003056,0,NA,NA,NA,NA,NA,imputed,Very High
E01003057,0,NA,NA,NA,NA,NA,imputed,Very High
E01003058,0,NA,NA,NA,NA,NA,imputed,Very High
E01003059,0,NA,NA,NA,NA,NA,imputed,Very High
E01003060,0,NA,NA,NA,NA,NA,imputed,Very High
E01003061,0,NA,NA,NA,NA,NA,imputed,Very High
E01003062,0,NA,NA,NA,NA,NA,imputed,Very High
E01003063,0,NA,NA,NA,NA,NA,imputed,Very High
E01003064,0,NA,NA,NA,NA,NA,imputed,Very High
E01003065,0,NA,NA,NA,NA,NA,imputed,Very High
E01003066,0,NA,NA,NA,NA,NA,imputed,Very High
E01003067,0,NA,NA,NA,NA,NA,imputed,Very High
E01003068,0,NA,NA,NA,NA,NA,imputed,Very High
E01003069,0,NA,NA,NA,NA,NA,imputed,Very High
E01003070,0,NA,NA,NA,NA,NA,imputed,Very High
E01003071,0,NA,NA,NA,NA,NA,imputed,Very High
E01003072,0,NA,NA,NA,NA,NA,imputed,Very High
E01003073,0,NA,NA,NA,NA,NA,imputed,Very High
E01003074,0,NA,NA,NA,NA,NA,imputed,Very High
E01003075,0,NA,NA,NA,NA,NA,imputed,Very High
E01003076,0,NA,NA,NA,NA,NA,imputed,Very High
E01003077,0,NA,NA,NA,NA,NA,imputed,Very High
E01003078,0,NA,NA,NA,NA,NA,imputed,Very High
E01003079,0,NA,NA,NA,NA,NA,imputed,Very High
E01003080,0,NA,NA,NA,NA,NA,imputed,Very High
E01003081,0,NA,NA,NA,NA,NA,imputed,Very High
E01003082,0,NA,NA,NA,NA,NA,imputed,Very High
E01003083,0,NA,NA,NA,NA,NA,imputed,Very High
E01003084,0,NA,NA,NA,NA,NA,imputed,Very High
E01003085,0,NA,NA,NA,NA,NA,imputed,Very High
E01003086,0,NA,NA,NA,NA,NA,imputed,Very High
E01003087,0,NA,NA,NA,NA,NA,imputed,Very High
E01003088,0,NA,NA,NA,NA,NA,imputed,Very High
E01003089,0,NA,NA,NA,NA,NA,imputed,Very High
E01003090,0,NA,NA,NA,NA,NA,imputed,Very High
E01003091,0,NA,NA,NA,NA,NA,imputed,Very High
E01003092,0,NA,NA,NA,NA,NA,imputed,Very High
E01003093,0,NA,NA,NA,NA,NA,imputed,Very High
E01003094,0,NA,NA,NA,NA,NA,imputed,Very High
E01003095,0,NA,NA,NA,NA,NA,imputed,Very High
E01003096,0,NA,NA,NA,NA,NA,imputed,Very High
E01003097,0,NA,NA,NA,NA,NA,imputed,Very High
E01003098,0,NA,NA,NA,NA,NA,imputed,Very High
E01003099,0,NA,NA,NA,NA,NA,imputed,Very High
E01003100,0,NA,NA,NA,NA,NA,imputed,Very High
E01003101,0,NA,NA,NA,NA,NA,imputed,Very High
E01003102,0,NA,NA,NA,NA,NA,imputed,Very High
E01003104,0,NA,NA,NA,NA,NA,imputed,Very High
E01003105,0,NA,NA,NA,NA,NA,imputed,Very High
E01003106,0,NA,NA,NA,NA,NA,imputed,Very High
E01003107,0,NA,NA,NA,NA,NA,imputed,Very High
E01003108,0,NA,NA,NA,NA,NA,imputed,Very High
E01003109,0,NA,NA,NA,NA,NA,imputed,Very High
E01003110,0,NA,NA,NA,NA,NA,imputed,Very High
E01003111,0,NA,NA,NA,NA,NA,imputed,Very High
E01003112,0,NA,NA,NA,NA,NA,imputed,Very High
E01003113,0,NA,NA,NA,NA,NA,imputed,Very High
E01003114,0,NA,NA,NA,NA,NA,imputed,Very High
E01003115,0,NA,NA,NA,NA,NA,imputed,Very High
E01003116,0,NA,NA,NA,NA,NA,imputed,Very High
E01003117,0,NA,NA,NA,NA,NA,imputed,Very High
E01003118,0,NA,NA,NA,NA,NA,imputed,Very High
E01003119,0,NA,NA,NA,NA,NA,imputed,Very High
E01003120,0,NA,NA,NA,NA,NA,imputed,Very High
E01003121,0,NA,NA,NA,NA,NA,imputed,Very High
E01003122,0,NA,NA,NA,NA,NA,imputed,Very High
E01003123,0,NA,NA,NA,NA,NA,imputed,Very High
E01003124,0,NA,NA,NA,NA,NA,imputed,Very High
E01003125,0,NA,NA,NA,NA,NA,imputed,Very High
E01003126,0,NA,NA,NA,NA,NA,imputed,Very High
E01003127,0,NA,NA,NA,NA,NA,imputed,Very High
E01003128,0,NA,NA,NA,NA,NA,imputed,Very High
E01003129,0,NA,NA,NA,NA,NA,imputed,Very High
E01003130,0,NA,NA,NA,NA,NA,imputed,Very High
E01003131,0,NA,NA,NA,NA,NA,imputed,Very High
E01003132,0,NA,NA,NA,NA,NA,imputed,Very High
E01003133,0,NA,NA,NA,NA,NA,imputed,Very High
E01003134,0,NA,NA,NA,NA,NA,imputed,Very High
E01003135,0,NA,NA,NA,NA,NA,imputed,Very High
E01003136,0,NA,NA,NA,NA,NA,imputed,Very High
E01003137,0,NA,NA,NA,NA,NA,imputed,Very High
E01003138,0,NA,NA,NA,NA,NA,imputed,Very High
E01003139,0,NA,NA,NA,NA,NA,imputed,Very High
E01003140,0,NA,NA,NA,NA,NA,imputed,Very High
E01003141,0,NA,NA,NA,NA,NA,imputed,Very High
E01003142,0,NA,NA,NA,NA,NA,imputed,Very High
E01003143,0,NA,NA,NA,NA,NA,imputed,Very High
E01003144,0,NA,NA,NA,NA,NA,imputed,Very High
E01003145,0,NA,NA,NA,NA,NA,imputed,Very High
E01003146,0,NA,NA,NA,NA,NA,imputed,Very High
E01003147,0,NA,NA,NA,NA,NA,imputed,Very High
E01003148,0,NA,NA,NA,NA,NA,imputed,Very High
E01003149,0,NA,NA,NA,NA,NA,imputed,Very High
E01003150,0,NA,NA,NA,NA,NA,imputed,Very High
E01003151,0,NA,NA,NA,NA,NA,imputed,Very High
E01003152,0,NA,NA,NA,NA,NA,imputed,Very High
E01003153,0,NA,NA,NA,NA,NA,imputed,Very High
E01003154,0,NA,NA,NA,NA,NA,imputed,Very High
E01003155,0,NA,NA,NA,NA,NA,imputed,Very High
E01003156,0,NA,NA,NA,NA,NA,imputed,Very High
E01003157,0,NA,NA,NA,NA,NA,imputed,Very High
E01003158,0,NA,NA,NA,NA,NA,imputed,Very High
E01003159,0,NA,NA,NA,NA,NA,imputed,Very High
E01003160,0,NA,NA,NA,NA,NA,imputed,Very High
E01003161,0,NA,NA,NA,NA,NA,imputed,Very High
E01003162,0,NA,NA,NA,NA,NA,imputed,Very High
E01003163,0,NA,NA,NA,NA,NA,imputed,Very High
E01003164,0,NA,NA,NA,NA,NA,imputed,Very High
E01003165,0,NA,NA,NA,NA,NA,imputed,Very High
E01003166,0,NA,NA,NA,NA,NA,imputed,Very High
E01003167,0,NA,NA,NA,NA,NA,imputed,Very High
E01003168,0,NA,NA,NA,NA,NA,imputed,Very High
E01003169,0,NA,NA,NA,NA,NA,imputed,Very High
E01003170,0,NA,NA,NA,NA,NA,imputed,Very High
E01003171,0,NA,NA,NA,NA,NA,imputed,Very High
E01003172,0,NA,NA,NA,NA,NA,imputed,Very High
E01003173,0,NA,NA,NA,NA,NA,imputed,Very High
E01003174,0,NA,NA,NA,NA,NA,imputed,Very High
E01003175,0,NA,NA,NA,NA,NA,imputed,Very High
E01003176,0,NA,NA,NA,NA,NA,imputed,Very High
E01003177,0,NA,NA,NA,NA,NA,imputed,Very High
E01003178,0,NA,NA,NA,NA,NA,imputed,Very High
E01003179,0,NA,NA,NA,NA,NA,imputed,Very High
E01003180,0,NA,NA,NA,NA,NA,imputed,Very High
E01003181,0,NA,NA,NA,NA,NA,imputed,Very High
E01003182,0,NA,NA,NA,NA,NA,imputed,Very High
E01003183,0,NA,NA,NA,NA,NA,imputed,Very High
E01003184,0,NA,NA,NA,NA,NA,imputed,Very High
E01003185,0,NA,NA,NA,NA,NA,imputed,Very High
E01003186,0,NA,NA,NA,NA,NA,imputed,Very High
E01003187,0,NA,NA,NA,NA,NA,imputed,Very High
E01003188,0,NA,NA,NA,NA,NA,imputed,Very High
E01003189,0,NA,NA,NA,NA,NA,imputed,Very High
E01003190,0,NA,NA,NA,NA,NA,imputed,Very High
E01003191,0,NA,NA,NA,NA,NA,imputed,Very High
E01003192,0,NA,NA,NA,NA,NA,imputed,Very High
E01003193,0,NA,NA,NA,NA,NA,imputed,Very High
E01003194,0,NA,NA,NA,NA,NA,imputed,Very High
E01003195,0,NA,NA,NA,NA,NA,imputed,Very High
E01003196,0,NA,NA,NA,NA,NA,imputed,Very High
E01003197,0,NA,NA,NA,NA,NA,imputed,Very High
E01003198,0,NA,NA,NA,NA,NA,imputed,Very High
E01003199,0,NA,NA,NA,NA,NA,imputed,Very High
E01003200,0,NA,NA,NA,NA,NA,imputed,Very High
E01003201,0,NA,NA,NA,NA,NA,imputed,Very High
E01003202,0,NA,NA,NA,NA,NA,imputed,Very High
E01003203,0,NA,NA,NA,NA,NA,imputed,Very High
E01003204,0,NA,NA,NA,NA,NA,imputed,Very High
E01003205,0,NA,NA,NA,NA,NA,imputed,Very High
E01003206,0,NA,NA,NA,NA,NA,imputed,Very High
E01003207,0,NA,NA,NA,NA,NA,imputed,Very High
E01003209,0,NA,NA,NA,NA,NA,imputed,Very High
E01003210,0,NA,NA,NA,NA,NA,imputed,Very High
E01003211,0,NA,NA,NA,NA,NA,imputed,Very High
E01003212,0,NA,NA,NA,NA,NA,imputed,Very High
E01003213,0,NA,NA,NA,NA,NA,imputed,Very High
E01003214,0,NA,NA,NA,NA,NA,imputed,Very High
E01003215,0,NA,NA,NA,NA,NA,imputed,Very High
E01003216,0,NA,NA,NA,NA,NA,imputed,Very High
E01003217,0,NA,NA,NA,NA,NA,imputed,Very High
E01003218,0,NA,NA,NA,NA,NA,imputed,Very High
E01003219,0,NA,NA,NA,NA,NA,imputed,Very High
E01003220,0,NA,NA,NA,NA,NA,imputed,Very High
E01003221,0,NA,NA,NA,NA,NA,imputed,Very High
E01003222,0,NA,NA,NA,NA,NA,imputed,Very High
E01003223,0,NA,NA,NA,NA,NA,imputed,Very High
E01003224,0,NA,NA,NA,NA,NA,imputed,Very High
E01003225,0,NA,NA,NA,NA,NA,imputed,Very High
E01003226,0,NA,NA,NA,NA,NA,imputed,Very High
E01003227,0,NA,NA,NA,NA,NA,imputed,Very High
E01003228,0,NA,NA,NA,NA,NA,imputed,Very High
E01003229,0,NA,NA,NA,NA,NA,imputed,Very High
E01003230,0,NA,NA,NA,NA,NA,imputed,Very High
E01003231,0,NA,NA,NA,NA,NA,imputed,Very High
E01003232,0,NA,NA,NA,NA,NA,imputed,Very High
E01003233,0,NA,NA,NA,NA,NA,imputed,Very High
E01003235,0,NA,NA,NA,NA,NA,imputed,Very High
E01003236,0,NA,NA,NA,NA,NA,imputed,Very High
E01003237,0,NA,NA,NA,NA,NA,imputed,Very High
E01003238,0,NA,NA,NA,NA,NA,imputed,Very High
E01003239,0,NA,NA,NA,NA,NA,imputed,Very High
E01003240,0,NA,NA,NA,NA,NA,imputed,Very High
E01003241,0,NA,NA,NA,NA,NA,imputed,Very High
E01003243,0,NA,NA,NA,NA,NA,imputed,Very High
E01003244,0,NA,NA,NA,NA,NA,imputed,Very High
E01003245,0,NA,NA,NA,NA,NA,imputed,Very High
E01003246,0,NA,NA,NA,NA,NA,imputed,Very High
E01003247,0,NA,NA,NA,NA,NA,imputed,Very High
E01003248,0,NA,NA,NA,NA,NA,imputed,Very High
E01003249,0,NA,NA,NA,NA,NA,imputed,Very High
E01003250,0,NA,NA,NA,NA,NA,imputed,Very High
E01003251,0,NA,NA,NA,NA,NA,imputed,Very High
E01003252,0,NA,NA,NA,NA,NA,imputed,Very High
E01003253,0,NA,NA,NA,NA,NA,imputed,Very High
E01003254,0,NA,NA,NA,NA,NA,imputed,Very High
E01003255,0,NA,NA,NA,NA,NA,imputed,Very High
E01003256,0,NA,NA,NA,NA,NA,imputed,Very High
E01003257,0,NA,NA,NA,NA,NA,imputed,Very High
E01003258,0,NA,NA,NA,NA,NA,imputed,Very High
E01003259,0,NA,NA,NA,NA,NA,imputed,Very High
E01003260,0,NA,NA,NA,NA,NA,imputed,Very High
E01003261,0,NA,NA,NA,NA,NA,imputed,Very High
E01003262,0,NA,NA,NA,NA,NA,imputed,Very High
E01003263,0,NA,NA,NA,NA,NA,imputed,Very High
E01003264,0,NA,NA,NA,NA,NA,imputed,Very High
E01003265,0,NA,NA,NA,NA,NA,imputed,Very High
E01003266,0,NA,NA,NA,NA,NA,imputed,Very High
E01003267,0,NA,NA,NA,NA,NA,imputed,Very High
E01003268,0,NA,NA,NA,NA,NA,imputed,Very High
E01003269,0,NA,NA,NA,NA,NA,imputed,Very High
E01003270,0,NA,NA,NA,NA,NA,imputed,Very High
E01003271,0,NA,NA,NA,NA,NA,imputed,Very High
E01003272,0,NA,NA,NA,NA,NA,imputed,Very High
E01003273,0,NA,NA,NA,NA,NA,imputed,Very High
E01003274,0,NA,NA,NA,NA,NA,imputed,Very High
E01003275,0,NA,NA,NA,NA,NA,imputed,Very High
E01003276,0,NA,NA,NA,NA,NA,imputed,Very High
E01003277,0,NA,NA,NA,NA,NA,imputed,Very High
E01003278,0,NA,NA,NA,NA,NA,imputed,Very High
E01003279,0,NA,NA,NA,NA,NA,imputed,Very High
E01003280,0,NA,NA,NA,NA,NA,imputed,Very High
E01003281,0,NA,NA,NA,NA,NA,imputed,Very High
E01003282,0,NA,NA,NA,NA,NA,imputed,Very High
E01003283,0,NA,NA,NA,NA,NA,imputed,Very High
E01003284,0,NA,NA,NA,NA,NA,imputed,Very High
E01003285,0,NA,NA,NA,NA,NA,imputed,Very High
E01003286,0,NA,NA,NA,NA,NA,imputed,Very High
E01003287,0,NA,NA,NA,NA,NA,imputed,Very High
E01003288,0,NA,NA,NA,NA,NA,imputed,Very High
E01003290,0,NA,NA,NA,NA,NA,imputed,Very High
E01003291,0,NA,NA,NA,NA,NA,imputed,Very High
E01003292,0,NA,NA,NA,NA,NA,imputed,Very High
E01003293,0,NA,NA,NA,NA,NA,imputed,Very High
E01003295,0,NA,NA,NA,NA,NA,imputed,Very High
E01003296,0,NA,NA,NA,NA,NA,imputed,Very High
E01003297,0,NA,NA,NA,NA,NA,imputed,Very High
E01003298,0,NA,NA,NA,NA,NA,imputed,Very High
E01003299,0,NA,NA,NA,NA,NA,imputed,Very High
E01003300,0,NA,NA,NA,NA,NA,imputed,Very High
E01003301,0,NA,NA,NA,NA,NA,imputed,Very High
E01003302,0,NA,NA,NA,NA,NA,imputed,Very High
E01003303,0,NA,NA,NA,NA,NA,imputed,Very High
E01003304,0,NA,NA,NA,NA,NA,imputed,Very High
E01003305,0,NA,NA,NA,NA,NA,imputed,Very High
E01003307,0,NA,NA,NA,NA,NA,imputed,Very High
E01003308,0,NA,NA,NA,NA,NA,imputed,Very High
E01003309,0,NA,NA,NA,NA,NA,imputed,Very High
E01003310,0,NA,NA,NA,NA,NA,imputed,Very High
E01003311,0,NA,NA,NA,NA,NA,imputed,Very High
E01003312,0,NA,NA,NA,NA,NA,imputed,Very High
E01003313,0,NA,NA,NA,NA,NA,imputed,Very High
E01003314,0,NA,NA,NA,NA,NA,imputed,Very High
E01003315,0,NA,NA,NA,NA,NA,imputed,Very High
E01003316,0,NA,NA,NA,NA,NA,imputed,Very High
E01003317,0,NA,NA,NA,NA,NA,imputed,Very High
E01003318,0,NA,NA,NA,NA,NA,imputed,Very High
E01003319,0,NA,NA,NA,NA,NA,imputed,Very High
E01003320,0,NA,NA,NA,NA,NA,imputed,Very High
E01003321,0,NA,NA,NA,NA,NA,imputed,Very High
E01003322,0,NA,NA,NA,NA,NA,imputed,Very High
E01003323,0,NA,NA,NA,NA,NA,imputed,Very High
E01003324,0,NA,NA,NA,NA,NA,imputed,Very High
E01003325,0,NA,NA,NA,NA,NA,imputed,Very High
E01003326,0,NA,NA,NA,NA,NA,imputed,Very High
E01003327,0,NA,NA,NA,NA,NA,imputed,Very High
E01003328,0,NA,NA,NA,NA,NA,imputed,Very High
E01003329,0,NA,NA,NA,NA,NA,imputed,Very High
E01003330,0,NA,NA,NA,NA,NA,imputed,Very High
E01003331,0,NA,NA,NA,NA,NA,imputed,Very High
E01003332,0,NA,NA,NA,NA,NA,imputed,Very High
E01003333,0,NA,NA,NA,NA,NA,imputed,Very High
E01003334,0,NA,NA,NA,NA,NA,imputed,Very High
E01003335,0,NA,NA,NA,NA,NA,imputed,Very High
E01003336,0,NA,NA,NA,NA,NA,imputed,Very High
E01003337,0,NA,NA,NA,NA,NA,imputed,Very High
E01003338,0,NA,NA,NA,NA,NA,imputed,Very High
E01003339,0,NA,NA,NA,NA,NA,imputed,Very High
E01003340,0,NA,NA,NA,NA,NA,imputed,Very High
E01003341,0,NA,NA,NA,NA,NA,imputed,Very High
E01003342,0,NA,NA,NA,NA,NA,imputed,Very High
E01003343,0,NA,NA,NA,NA,NA,imputed,Very High
E01003344,0,NA,NA,NA,NA,NA,imputed,Very High
E01003345,0,NA,NA,NA,NA,NA,imputed,Very High
E01003346,0,NA,NA,NA,NA,NA,imputed,Very High
E01003347,0,NA,NA,NA,NA,NA,imputed,Very High
E01003348,0,NA,NA,NA,NA,NA,imputed,Very High
E01003349,0,NA,NA,NA,NA,NA,imputed,Very High
E01003350,0,NA,NA,NA,NA,NA,imputed,Very High
E01003351,0,NA,NA,NA,NA,NA,imputed,Very High
E01003352,0,NA,NA,NA,NA,NA,imputed,Very High
E01003353,0,NA,NA,NA,NA,NA,imputed,Very High
E01003354,0,NA,NA,NA,NA,NA,imputed,Very High
E01003911,0,NA,NA,NA,NA,NA,imputed,Very High
E01003912,0,NA,NA,NA,NA,NA,imputed,Very High
E01003913,0,NA,NA,NA,NA,NA,imputed,Very High
E01003914,0,NA,NA,NA,NA,NA,imputed,Very High
E01003915,0,NA,NA,NA,NA,NA,imputed,Very High
E01003916,0,NA,NA,NA,NA,NA,imputed,Very High
E01003917,0,NA,NA,NA,NA,NA,imputed,Very High
E01003918,0,NA,NA,NA,NA,NA,imputed,Very High
E01003919,0,NA,NA,NA,NA,NA,imputed,Very High
E01003920,0,NA,NA,NA,NA,NA,imputed,Very High
E01003921,0,NA,NA,NA,NA,NA,imputed,Very High
E01003922,0,NA,NA,NA,NA,NA,imputed,Very High
E01003923,0,NA,NA,NA,NA,NA,imputed,Very High
E01003924,0,NA,NA,NA,NA,NA,imputed,Very High
E01003925,0,NA,NA,NA,NA,NA,imputed,Very High
E01003926,0,NA,NA,NA,NA,NA,imputed,Very High
E01003927,0,NA,NA,NA,NA,NA,imputed,Very High
E01003929,0,NA,NA,NA,NA,NA,imputed,Very High
E01003930,0,NA,NA,NA,NA,NA,imputed,Very High
E01003932,0,NA,NA,NA,NA,NA,imputed,Very High
E01003933,0,NA,NA,NA,NA,NA,imputed,Very High
E01003934,0,NA,NA,NA,NA,NA,imputed,Very High
E01003935,0,NA,NA,NA,NA,NA,imputed,Very High
E01003936,0,NA,NA,NA,NA,NA,imputed,Very High
E01003937,0,NA,NA,NA,NA,NA,imputed,Very High
E01003938,0,NA,NA,NA,NA,NA,imputed,Very High
E01003939,0,NA,NA,NA,NA,NA,imputed,Very High
E01003940,0,NA,NA,NA,NA,NA,imputed,Very High
E01003941,0,NA,NA,NA,NA,NA,imputed,Very High
E01003942,0,NA,NA,NA,NA,NA,imputed,Very High
E01003943,0,NA,NA,NA,NA,NA,imputed,Very High
E01003945,0,NA,NA,NA,NA,NA,imputed,Very High
E01003946,0,NA,NA,NA,NA,NA,imputed,Very High
E01003947,0,NA,NA,NA,NA,NA,imputed,Very High
E01003948,0,NA,NA,NA,NA,NA,imputed,Very High
E01003949,0,NA,NA,NA,NA,NA,imputed,Very High
E01003950,0,NA,NA,NA,NA,NA,imputed,Very High
E01003951,0,NA,NA,NA,NA,NA,imputed,Very High
E01003952,0,NA,NA,NA,NA,NA,imputed,Very High
E01003953,0,NA,NA,NA,NA,NA,imputed,Very High
E01003954,0,NA,NA,NA,NA,NA,imputed,Very High
E01003955,0,NA,NA,NA,NA,NA,imputed,Very High
E01003956,0,NA,NA,NA,NA,NA,imputed,Very High
E01003957,0,NA,NA,NA,NA,NA,imputed,Very High
E01003958,0,NA,NA,NA,NA,NA,imputed,Very High
E01003960,0,NA,NA,NA,NA,NA,imputed,Very High
E01003961,0,NA,NA,NA,NA,NA,imputed,Very High
E01003963,0,NA,NA,NA,NA,NA,imputed,Very High
E01003964,0,NA,NA,NA,NA,NA,imputed,Very High
E01003966,0,NA,NA,NA,NA,NA,imputed,Very High
E01003967,0,NA,NA,NA,NA,NA,imputed,Very High
E01003968,0,NA,NA,NA,NA,NA,imputed,Very High
E01003969,0,NA,NA,NA,NA,NA,imputed,Very High
E01003970,0,NA,NA,NA,NA,NA,imputed,Very High
E01003971,0,NA,NA,NA,NA,NA,imputed,Very High
E01003972,0,NA,NA,NA,NA,NA,imputed,Very High
E01003973,0,NA,NA,NA,NA,NA,imputed,Very High
E01003974,0,NA,NA,NA,NA,NA,imputed,Very High
E01003975,0,NA,NA,NA,NA,NA,imputed,Very High
E01003976,0,NA,NA,NA,NA,NA,imputed,Very High
E01003977,0,NA,NA,NA,NA,NA,imputed,Very High
E01003978,0,NA,NA,NA,NA,NA,imputed,Very High
E01003979,0,NA,NA,NA,NA,NA,imputed,Very High
E01003980,0,NA,NA,NA,NA,NA,imputed,Very High
E01003981,0,NA,NA,NA,NA,NA,imputed,Very High
E01003983,0,NA,NA,NA,NA,NA,imputed,Very High
E01003984,0,NA,NA,NA,NA,NA,imputed,Very High
E01003986,0,NA,NA,NA,NA,NA,imputed,Very High
E01003987,0,NA,NA,NA,NA,NA,imputed,Very High
E01003988,0,NA,NA,NA,NA,NA,imputed,Very High
E01003989,0,NA,NA,NA,NA,NA,imputed,Very High
E01003990,0,NA,NA,NA,NA,NA,imputed,Very High
E01003991,0,NA,NA,NA,NA,NA,imputed,Very High
E01003992,0,NA,NA,NA,NA,NA,imputed,Very High
E01003993,0,NA,NA,NA,NA,NA,imputed,Very High
E01003994,0,NA,NA,NA,NA,NA,imputed,Very High
E01003995,0,NA,NA,NA,NA,NA,imputed,Very High
E01003997,0,NA,NA,NA,NA,NA,imputed,Very High
E01003998,0,NA,NA,NA,NA,NA,imputed,Very High
E01003999,0,NA,NA,NA,NA,NA,imputed,Very High
E01004000,0,NA,NA,NA,NA,NA,imputed,Very High
E01004001,0,NA,NA,NA,NA,NA,imputed,Very High
E01004002,0,NA,NA,NA,NA,NA,imputed,Very High
E01004003,0,NA,NA,NA,NA,NA,imputed,Very High
E01004004,0,NA,NA,NA,NA,NA,imputed,Very High
E01004005,0,NA,NA,NA,NA,NA,imputed,Very High
E01004006,0,NA,NA,NA,NA,NA,imputed,Very High
E01004007,0,NA,NA,NA,NA,NA,imputed,Very High
E01004008,0,NA,NA,NA,NA,NA,imputed,Very High
E01004010,0,NA,NA,NA,NA,NA,imputed,Very High
E01004011,0,NA,NA,NA,NA,NA,imputed,Very High
E01004012,0,NA,NA,NA,NA,NA,imputed,Very High
E01004013,0,NA,NA,NA,NA,NA,imputed,Very High
E01004014,0,NA,NA,NA,NA,NA,imputed,Very High
E01004015,0,NA,NA,NA,NA,NA,imputed,Very High
E01004016,0,NA,NA,NA,NA,NA,imputed,Very High
E01004017,0,NA,NA,NA,NA,NA,imputed,Very High
E01004018,0,NA,NA,NA,NA,NA,imputed,Very High
E01004019,0,NA,NA,NA,NA,NA,imputed,Very High
E01004020,0,NA,NA,NA,NA,NA,imputed,Very High
E01004021,0,NA,NA,NA,NA,NA,imputed,Very High
E01004022,0,NA,NA,NA,NA,NA,imputed,Very High
E01004023,0,NA,NA,NA,NA,NA,imputed,Very High
E01004024,0,NA,NA,NA,NA,NA,imputed,Very High
E01004027,0,NA,NA,NA,NA,NA,imputed,Very High
E01004028,0,NA,NA,NA,NA,NA,imputed,Very High
E01004029,0,NA,NA,NA,NA,NA,imputed,Very High
E01004030,0,NA,NA,NA,NA,NA,imputed,Very High
E01004031,0,NA,NA,NA,NA,NA,imputed,Very High
E01004032,0,NA,NA,NA,NA,NA,imputed,Very High
E01004033,0,NA,NA,NA,NA,NA,imputed,Very High
E01004034,0,NA,NA,NA,NA,NA,imputed,Very High
E01004035,0,NA,NA,NA,NA,NA,imputed,Very High
E01004036,0,NA,NA,NA,NA,NA,imputed,Very High
E01004037,0,NA,NA,NA,NA,NA,imputed,Very High
E01004038,0,NA,NA,NA,NA,NA,imputed,Very High
E01004039,0,NA,NA,NA,NA,NA,imputed,Very High
E01004040,0,NA,NA,NA,NA,NA,imputed,Very High
E01004041,0,NA,NA,NA,NA,NA,imputed,Very High
E01004042,0,NA,NA,NA,NA,NA,imputed,Very High
E01004043,0,NA,NA,NA,NA,NA,imputed,Very High
E01004044,0,NA,NA,NA,NA,NA,imputed,Very High
E01004045,0,NA,NA,NA,NA,NA,imputed,Very High
E01004046,0,NA,NA,NA,NA,NA,imputed,Very High
E01004047,0,NA,NA,NA,NA,NA,imputed,Very High
E01004048,0,NA,NA,NA,NA,NA,imputed,Very High
E01004049,0,NA,NA,NA,NA,NA,imputed,Very High
E01004050,0,NA,NA,NA,NA,NA,imputed,Very High
E01004051,0,NA,NA,NA,NA,NA,imputed,Very High
E01004052,0,NA,NA,NA,NA,NA,imputed,Very High
E01004053,0,NA,NA,NA,NA,NA,imputed,Very High
E01004054,0,NA,NA,NA,NA,NA,imputed,Very High
E01004055,0,NA,NA,NA,NA,NA,imputed,Very High
E01004056,0,NA,NA,NA,NA,NA,imputed,Very High
E01004057,0,NA,NA,NA,NA,NA,imputed,Very High
E01004058,0,NA,NA,NA,NA,NA,imputed,Very High
E01004059,0,NA,NA,NA,NA,NA,imputed,Very High
E01004060,0,NA,NA,NA,NA,NA,imputed,Very High
E01004061,0,NA,NA,NA,NA,NA,imputed,Very High
E01004062,0,NA,NA,NA,NA,NA,imputed,Very High
E01004063,0,NA,NA,NA,NA,NA,imputed,Very High
E01004064,0,NA,NA,NA,NA,NA,imputed,Very High
E01004065,0,NA,NA,NA,NA,NA,imputed,Very High
E01004066,0,NA,NA,NA,NA,NA,imputed,Very High
E01004067,0,NA,NA,NA,NA,NA,imputed,Very High
E01004068,0,NA,NA,NA,NA,NA,imputed,Very High
E01004069,0,NA,NA,NA,NA,NA,imputed,Very High
E01004070,0,NA,NA,NA,NA,NA,imputed,Very High
E01004071,0,NA,NA,NA,NA,NA,imputed,Very High
E01004072,0,NA,NA,NA,NA,NA,imputed,Very High
E01004073,0,NA,NA,NA,NA,NA,imputed,Very High
E01004074,0,NA,NA,NA,NA,NA,imputed,Very High
E01004075,0,NA,NA,NA,NA,NA,imputed,Very High
E01004197,0,NA,NA,NA,NA,NA,imputed,Very High
E01004198,0,NA,NA,NA,NA,NA,imputed,Very High
E01004199,0,NA,NA,NA,NA,NA,imputed,Very High
E01004200,0,NA,NA,NA,NA,NA,imputed,Very High
E01004201,0,NA,NA,NA,NA,NA,imputed,Very High
E01004202,0,NA,NA,NA,NA,NA,imputed,Very High
E01004203,0,NA,NA,NA,NA,NA,imputed,Very High
E01004204,0,NA,NA,NA,NA,NA,imputed,Very High
E01004205,0,NA,NA,NA,NA,NA,imputed,Very High
E01004206,0,NA,NA,NA,NA,NA,imputed,Very High
E01004207,0,NA,NA,NA,NA,NA,imputed,Very High
E01004208,0,NA,NA,NA,NA,NA,imputed,Very High
E01004209,0,NA,NA,NA,NA,NA,imputed,Very High
E01004211,0,NA,NA,NA,NA,NA,imputed,Very High
E01004212,0,NA,NA,NA,NA,NA,imputed,Very High
E01004214,0,NA,NA,NA,NA,NA,imputed,Very High
E01004215,0,NA,NA,NA,NA,NA,imputed,Very High
E01004216,0,NA,NA,NA,NA,NA,imputed,Very High
E01004217,0,NA,NA,NA,NA,NA,imputed,Very High
E01004218,0,NA,NA,NA,NA,NA,imputed,Very High
E01004219,0,NA,NA,NA,NA,NA,imputed,Very High
E01004221,0,NA,NA,NA,NA,NA,imputed,Very High
E01004222,0,NA,NA,NA,NA,NA,imputed,Very High
E01004223,0,NA,NA,NA,NA,NA,imputed,Very High
E01004224,0,NA,NA,NA,NA,NA,imputed,Very High
E01004225,0,NA,NA,NA,NA,NA,imputed,Very High
E01004226,0,NA,NA,NA,NA,NA,imputed,Very High
E01004228,0,NA,NA,NA,NA,NA,imputed,Very High
E01004229,0,NA,NA,NA,NA,NA,imputed,Very High
E01004230,0,NA,NA,NA,NA,NA,imputed,Very High
E01004231,0,NA,NA,NA,NA,NA,imputed,Very High
E01004232,0,NA,NA,NA,NA,NA,imputed,Very High
E01004233,0,NA,NA,NA,NA,NA,imputed,Very High
E01004234,0,NA,NA,NA,NA,NA,imputed,Very High
E01004235,0,NA,NA,NA,NA,NA,imputed,Very High
E01004236,0,NA,NA,NA,NA,NA,imputed,Very High
E01004237,0,NA,NA,NA,NA,NA,imputed,Very High
E01004238,0,NA,NA,NA,NA,NA,imputed,Very High
E01004239,0,NA,NA,NA,NA,NA,imputed,Very High
E01004240,0,NA,NA,NA,NA,NA,imputed,Very High
E01004241,0,NA,NA,NA,NA,NA,imputed,Very High
E01004242,0,NA,NA,NA,NA,NA,imputed,Very High
E01004243,0,NA,NA,NA,NA,NA,imputed,Very High
E01004244,0,NA,NA,NA,NA,NA,imputed,Very High
E01004245,0,NA,NA,NA,NA,NA,imputed,Very High
E01004246,0,NA,NA,NA,NA,NA,imputed,Very High
E01004247,0,NA,NA,NA,NA,NA,imputed,Very High
E01004248,0,NA,NA,NA,NA,NA,imputed,Very High
E01004249,0,NA,NA,NA,NA,NA,imputed,Very High
E01004250,0,NA,NA,NA,NA,NA,imputed,Very High
E01004251,0,NA,NA,NA,NA,NA,imputed,Very High
E01004252,0,NA,NA,NA,NA,NA,imputed,Very High
E01004253,0,NA,NA,NA,NA,NA,imputed,Very High
E01004254,0,NA,NA,NA,NA,NA,imputed,Very High
E01004255,0,NA,NA,NA,NA,NA,imputed,Very High
E01004256,0,NA,NA,NA,NA,NA,imputed,Very High
E01004257,0,NA,NA,NA,NA,NA,imputed,Very High
E01004258,0,NA,NA,NA,NA,NA,imputed,Very High
E01004259,0,NA,NA,NA,NA,NA,imputed,Very High
E01004260,0,NA,NA,NA,NA,NA,imputed,Very High
E01004261,0,NA,NA,NA,NA,NA,imputed,Very High
E01004262,0,NA,NA,NA,NA,NA,imputed,Very High
E01004263,0,NA,NA,NA,NA,NA,imputed,Very High
E01004264,0,NA,NA,NA,NA,NA,imputed,Very High
E01004266,0,NA,NA,NA,NA,NA,imputed,Very High
E01004267,0,NA,NA,NA,NA,NA,imputed,Very High
E01004268,0,NA,NA,NA,NA,NA,imputed,Very High
E01004269,0,NA,NA,NA,NA,NA,imputed,Very High
E01004270,0,NA,NA,NA,NA,NA,imputed,Very High
E01004271,0,NA,NA,NA,NA,NA,imputed,Very High
E01004272,0,NA,NA,NA,NA,NA,imputed,Very High
E01004273,0,NA,NA,NA,NA,NA,imputed,Very High
E01004274,0,NA,NA,NA,NA,NA,imputed,Very High
E01004275,0,NA,NA,NA,NA,NA,imputed,Very High
E01004276,0,NA,NA,NA,NA,NA,imputed,Very High
E01004277,0,NA,NA,NA,NA,NA,imputed,Very High
E01004280,0,NA,NA,NA,NA,NA,imputed,Very High
E01004281,0,NA,NA,NA,NA,NA,imputed,Very High
E01004283,0,NA,NA,NA,NA,NA,imputed,Very High
E01004284,0,NA,NA,NA,NA,NA,imputed,Very High
E01004285,0,NA,NA,NA,NA,NA,imputed,Very High
E01004286,0,NA,NA,NA,NA,NA,imputed,Very High
E01004287,0,NA,NA,NA,NA,NA,imputed,Very High
E01004288,0,NA,NA,NA,NA,NA,imputed,Very High
E01004289,0,NA,NA,NA,NA,NA,imputed,Very High
E01004290,0,NA,NA,NA,NA,NA,imputed,Very High
E01004291,0,NA,NA,NA,NA,NA,imputed,Very High
E01004292,0,NA,NA,NA,NA,NA,imputed,Very High
E01004293,0,NA,NA,NA,NA,NA,imputed,Very High
E01004294,0,NA,NA,NA,NA,NA,imputed,Very High
E01004295,0,NA,NA,NA,NA,NA,imputed,Very High
E01004296,0,NA,NA,NA,NA,NA,imputed,Very High
E01004297,0,NA,NA,NA,NA,NA,imputed,Very High
E01004298,0,NA,NA,NA,NA,NA,imputed,Very High
E01004300,0,NA,NA,NA,NA,NA,imputed,Very High
E01004301,0,NA,NA,NA,NA,NA,imputed,Very High
E01004302,0,NA,NA,NA,NA,NA,imputed,Very High
E01004303,0,NA,NA,NA,NA,NA,imputed,Very High
E01004304,0,NA,NA,NA,NA,NA,imputed,Very High
E01004305,0,NA,NA,NA,NA,NA,imputed,Very High
E01004306,0,NA,NA,NA,NA,NA,imputed,Very High
E01004307,0,NA,NA,NA,NA,NA,imputed,Very High
E01004308,0,NA,NA,NA,NA,NA,imputed,Very High
E01004309,0,NA,NA,NA,NA,NA,imputed,Very High
E01004310,0,NA,NA,NA,NA,NA,imputed,Very High
E01004311,0,NA,NA,NA,NA,NA,imputed,Very High
E01004312,0,NA,NA,NA,NA,NA,imputed,Very High
E01004313,0,NA,NA,NA,NA,NA,imputed,Very High
E01004314,0,NA,NA,NA,NA,NA,imputed,Very High
E01004315,0,NA,NA,NA,NA,NA,imputed,Very High
E01004316,0,NA,NA,NA,NA,NA,imputed,Very High
E01004317,0,NA,NA,NA,NA,NA,imputed,Very High
E01004318,0,NA,NA,NA,NA,NA,imputed,Very High
E01004319,0,NA,NA,NA,NA,NA,imputed,Very High
E01004321,0,NA,NA,NA,NA,NA,imputed,Very High
E01004322,0,NA,NA,NA,NA,NA,imputed,Very High
E01004323,0,NA,NA,NA,NA,NA,imputed,Very High
E01004324,0,NA,NA,NA,NA,NA,imputed,Very High
E01004325,0,NA,NA,NA,NA,NA,imputed,Very High
E01004326,0,NA,NA,NA,NA,NA,imputed,Very High
E01004472,0,NA,NA,NA,NA,NA,imputed,Very High
E01004473,0,NA,NA,NA,NA,NA,imputed,Very High
E01004474,0,NA,NA,NA,NA,NA,imputed,Very High
E01004475,0,NA,NA,NA,NA,NA,imputed,Very High
E01004476,0,NA,NA,NA,NA,NA,imputed,Very High
E01004477,0,NA,NA,NA,NA,NA,imputed,Very High
E01004478,0,NA,NA,NA,NA,NA,imputed,Very High
E01004479,0,NA,NA,NA,NA,NA,imputed,Very High
E01004480,0,NA,NA,NA,NA,NA,imputed,Very High
E01004481,0,NA,NA,NA,NA,NA,imputed,Very High
E01004482,0,NA,NA,NA,NA,NA,imputed,Very High
E01004483,0,NA,NA,NA,NA,NA,imputed,Very High
E01004484,0,NA,NA,NA,NA,NA,imputed,Very High
E01004485,0,NA,NA,NA,NA,NA,imputed,Very High
E01004486,0,NA,NA,NA,NA,NA,imputed,Very High
E01004487,0,NA,NA,NA,NA,NA,imputed,Very High
E01004488,0,NA,NA,NA,NA,NA,imputed,Very High
E01004489,0,NA,NA,NA,NA,NA,imputed,Very High
E01004490,0,NA,NA,NA,NA,NA,imputed,Very High
E01004491,0,NA,NA,NA,NA,NA,imputed,Very High
E01004492,0,NA,NA,NA,NA,NA,imputed,Very High
E01004493,0,NA,NA,NA,NA,NA,imputed,Very High
E01004494,0,NA,NA,NA,NA,NA,imputed,Very High
E01004495,0,NA,NA,NA,NA,NA,imputed,Very High
E01004496,0,NA,NA,NA,NA,NA,imputed,Very High
E01004497,0,NA,NA,NA,NA,NA,imputed,Very High
E01004498,0,NA,NA,NA,NA,NA,imputed,Very High
E01004499,0,NA,NA,NA,NA,NA,imputed,Very High
E01004500,0,NA,NA,NA,NA,NA,imputed,Very High
E01004501,0,NA,NA,NA,NA,NA,imputed,Very High
E01004502,0,NA,NA,NA,NA,NA,imputed,Very High
E01004503,0,NA,NA,NA,NA,NA,imputed,Very High
E01004504,0,NA,NA,NA,NA,NA,imputed,Very High
E01004505,0,NA,NA,NA,NA,NA,imputed,Very High
E01004506,0,NA,NA,NA,NA,NA,imputed,Very High
E01004507,0,NA,NA,NA,NA,NA,imputed,Very High
E01004508,0,NA,NA,NA,NA,NA,imputed,Very High
E01004509,0,NA,NA,NA,NA,NA,imputed,Very High
E01004510,0,NA,NA,NA,NA,NA,imputed,Very High
E01004511,0,NA,NA,NA,NA,NA,imputed,Very High
E01004512,0,NA,NA,NA,NA,NA,imputed,Very High
E01004513,0,NA,NA,NA,NA,NA,imputed,Very High
E01004514,0,NA,NA,NA,NA,NA,imputed,Very High
E01004515,0,NA,NA,NA,NA,NA,imputed,Very High
E01004516,0,NA,NA,NA,NA,NA,imputed,Very High
E01004517,0,NA,NA,NA,NA,NA,imputed,Very High
E01004518,0,NA,NA,NA,NA,NA,imputed,Very High
E01004519,0,NA,NA,NA,NA,NA,imputed,Very High
E01004520,0,NA,NA,NA,NA,NA,imputed,Very High
E01004521,0,NA,NA,NA,NA,NA,imputed,Very High
E01004522,0,NA,NA,NA,NA,NA,imputed,Very High
E01004523,0,NA,NA,NA,NA,NA,imputed,Very High
E01004524,0,NA,NA,NA,NA,NA,imputed,Very High
E01004525,0,NA,NA,NA,NA,NA,imputed,Very High
E01004526,0,NA,NA,NA,NA,NA,imputed,Very High
E01004527,0,NA,NA,NA,NA,NA,imputed,Very High
E01004528,0,NA,NA,NA,NA,NA,imputed,Very High
E01004529,0,NA,NA,NA,NA,NA,imputed,Very High
E01004530,0,NA,NA,NA,NA,NA,imputed,Very High
E01004531,0,NA,NA,NA,NA,NA,imputed,Very High
E01004532,0,NA,NA,NA,NA,NA,imputed,Very High
E01004533,0,NA,NA,NA,NA,NA,imputed,Very High
E01004534,0,NA,NA,NA,NA,NA,imputed,Very High
E01004535,0,NA,NA,NA,NA,NA,imputed,Very High
E01004536,0,NA,NA,NA,NA,NA,imputed,Very High
E01004537,0,NA,NA,NA,NA,NA,imputed,Very High
E01004538,0,NA,NA,NA,NA,NA,imputed,Very High
E01004539,0,NA,NA,NA,NA,NA,imputed,Very High
E01004540,0,NA,NA,NA,NA,NA,imputed,Very High
E01004541,0,NA,NA,NA,NA,NA,imputed,Very High
E01004542,0,NA,NA,NA,NA,NA,imputed,Very High
E01004543,0,NA,NA,NA,NA,NA,imputed,Very High
E01004544,0,NA,NA,NA,NA,NA,imputed,Very High
E01004545,0,NA,NA,NA,NA,NA,imputed,Very High
E01004546,0,NA,NA,NA,NA,NA,imputed,Very High
E01004547,0,NA,NA,NA,NA,NA,imputed,Very High
E01004548,0,NA,NA,NA,NA,NA,imputed,Very High
E01004549,0,NA,NA,NA,NA,NA,imputed,Very High
E01004550,0,NA,NA,NA,NA,NA,imputed,Very High
E01004551,0,NA,NA,NA,NA,NA,imputed,Very High
E01004552,0,NA,NA,NA,NA,NA,imputed,Very High
E01004553,0,NA,NA,NA,NA,NA,imputed,Very High
E01004554,0,NA,NA,NA,NA,NA,imputed,Very High
E01004555,0,NA,NA,NA,NA,NA,imputed,Very High
E01004556,0,NA,NA,NA,NA,NA,imputed,Very High
E01004557,0,NA,NA,NA,NA,NA,imputed,Very High
E01004558,0,NA,NA,NA,NA,NA,imputed,Very High
E01004559,0,NA,NA,NA,NA,NA,imputed,Very High
E01004560,0,NA,NA,NA,NA,NA,imputed,Very High
E01004562,0,NA,NA,NA,NA,NA,imputed,Very High
E01004563,0,NA,NA,NA,NA,NA,imputed,Very High
E01004564,0,NA,NA,NA,NA,NA,imputed,Very High
E01004565,0,NA,NA,NA,NA,NA,imputed,Very High
E01004566,0,NA,NA,NA,NA,NA,imputed,Very High
E01004567,0,NA,NA,NA,NA,NA,imputed,Very High
E01004568,0,NA,NA,NA,NA,NA,imputed,Very High
E01004569,0,NA,NA,NA,NA,NA,imputed,Very High
E01004570,0,NA,NA,NA,NA,NA,imputed,Very High
E01004571,0,NA,NA,NA,NA,NA,imputed,Very High
E01004572,0,NA,NA,NA,NA,NA,imputed,Very High
E01004573,0,NA,NA,NA,NA,NA,imputed,Very High
E01004574,0,NA,NA,NA,NA,NA,imputed,Very High
E01004575,0,NA,NA,NA,NA,NA,imputed,Very High
E01004576,0,NA,NA,NA,NA,NA,imputed,Very High
E01004577,0,NA,NA,NA,NA,NA,imputed,Very High
E01004579,0,NA,NA,NA,NA,NA,imputed,Very High
E01004580,0,NA,NA,NA,NA,NA,imputed,Very High
E01004581,0,NA,NA,NA,NA,NA,imputed,Very High
E01004582,0,NA,NA,NA,NA,NA,imputed,Very High
E01004583,0,NA,NA,NA,NA,NA,imputed,Very High
E01004584,0,NA,NA,NA,NA,NA,imputed,Very High
E01004585,0,NA,NA,NA,NA,NA,imputed,Very High
E01004586,0,NA,NA,NA,NA,NA,imputed,Very High
E01004587,0,NA,NA,NA,NA,NA,imputed,Very High
E01004588,0,NA,NA,NA,NA,NA,imputed,Very High
E01004589,0,NA,NA,NA,NA,NA,imputed,Very High
E01004590,0,NA,NA,NA,NA,NA,imputed,Very High
E01004591,0,NA,NA,NA,NA,NA,imputed,Very High
E01004592,0,NA,NA,NA,NA,NA,imputed,Very High
E01004593,0,NA,NA,NA,NA,NA,imputed,Very High
E01004594,0,NA,NA,NA,NA,NA,imputed,Very High
E01004595,0,NA,NA,NA,NA,NA,imputed,Very High
E01004596,0,NA,NA,NA,NA,NA,imputed,Very High
E01004597,0,NA,NA,NA,NA,NA,imputed,Very High
E01004598,0,NA,NA,NA,NA,NA,imputed,Very High
E01004599,0,NA,NA,NA,NA,NA,imputed,Very High
E01004600,0,NA,NA,NA,NA,NA,imputed,Very High
E01004601,0,NA,NA,NA,NA,NA,imputed,Very High
E01004602,0,NA,NA,NA,NA,NA,imputed,Very High
E01004604,0,NA,NA,NA,NA,NA,imputed,Very High
E01004605,0,NA,NA,NA,NA,NA,imputed,Very High
E01004606,0,NA,NA,NA,NA,NA,imputed,Very High
E01004607,0,NA,NA,NA,NA,NA,imputed,Very High
E01004608,0,NA,NA,NA,NA,NA,imputed,Very High
E01004609,0,NA,NA,NA,NA,NA,imputed,Very High
E01004610,0,NA,NA,NA,NA,NA,imputed,Very High
E01004611,0,NA,NA,NA,NA,NA,imputed,Very High
E01004612,0,NA,NA,NA,NA,NA,imputed,Very High
E01004613,0,NA,NA,NA,NA,NA,imputed,Very High
E01004614,0,NA,NA,NA,NA,NA,imputed,Very High
E01004615,0,NA,NA,NA,NA,NA,imputed,Very High
E01004616,0,NA,NA,NA,NA,NA,imputed,Very High
E01004617,0,NA,NA,NA,NA,NA,imputed,Very High
E01004618,0,NA,NA,NA,NA,NA,imputed,Very High
E01004619,0,NA,NA,NA,NA,NA,imputed,Very High
E01004620,0,NA,NA,NA,NA,NA,imputed,Very High
E01004621,0,NA,NA,NA,NA,NA,imputed,Very High
E01004622,0,NA,NA,NA,NA,NA,imputed,Very High
E01004623,0,NA,NA,NA,NA,NA,imputed,Very High
E01004624,0,NA,NA,NA,NA,NA,imputed,Very High
E01004625,0,NA,NA,NA,NA,NA,imputed,Very High
E01004626,0,NA,NA,NA,NA,NA,imputed,Very High
E01004627,0,NA,NA,NA,NA,NA,imputed,Very High
E01004628,0,NA,NA,NA,NA,NA,imputed,Very High
E01004629,0,NA,NA,NA,NA,NA,imputed,Very High
E01004630,0,NA,NA,NA,NA,NA,imputed,Very High
E01004631,0,NA,NA,NA,NA,NA,imputed,Very High
E01004632,0,NA,NA,NA,NA,NA,imputed,Very High
E01004633,0,NA,NA,NA,NA,NA,imputed,Very High
E01004634,0,NA,NA,NA,NA,NA,imputed,Very High
E01004635,0,NA,NA,NA,NA,NA,imputed,Very High
E01004636,0,NA,NA,NA,NA,NA,imputed,Very High
E01004637,0,NA,NA,NA,NA,NA,imputed,Very High
E01004638,0,NA,NA,NA,NA,NA,imputed,Very High
E01004639,0,NA,NA,NA,NA,NA,imputed,Very High
E01004640,0,NA,NA,NA,NA,NA,imputed,Very High
E01004641,0,NA,NA,NA,NA,NA,imputed,Very High
E01004642,0,NA,NA,NA,NA,NA,imputed,Very High
E01004643,0,NA,NA,NA,NA,NA,imputed,Very High
E01004644,0,NA,NA,NA,NA,NA,imputed,Very High
E01004645,0,NA,NA,NA,NA,NA,imputed,Very High
E01004646,0,NA,NA,NA,NA,NA,imputed,Very High
E01004647,0,NA,NA,NA,NA,NA,imputed,Very High
E01004648,0,NA,NA,NA,NA,NA,imputed,Very High
E01004649,0,NA,NA,NA,NA,NA,imputed,Very High
E01004650,0,NA,NA,NA,NA,NA,imputed,Very High
E01004651,0,NA,NA,NA,NA,NA,imputed,Very High
E01004652,0,NA,NA,NA,NA,NA,imputed,Very High
E01004653,0,NA,NA,NA,NA,NA,imputed,Very High
E01004654,0,NA,NA,NA,NA,NA,imputed,Very High
E01004656,0,NA,NA,NA,NA,NA,imputed,Very High
E01004657,0,NA,NA,NA,NA,NA,imputed,Very High
E01004658,0,NA,NA,NA,NA,NA,imputed,Very High
E01004659,0,NA,NA,NA,NA,NA,imputed,Very High
E01004660,0,NA,NA,NA,NA,NA,imputed,Very High
E01004661,0,NA,NA,NA,NA,NA,imputed,Very High
E01004662,0,NA,NA,NA,NA,NA,imputed,Very High
E01004663,0,NA,NA,NA,NA,NA,imputed,Very High
E01004665,0,NA,NA,NA,NA,NA,imputed,Very High
E01004666,0,NA,NA,NA,NA,NA,imputed,Very High
E01004667,0,NA,NA,NA,NA,NA,imputed,Very High
E01004668,0,NA,NA,NA,NA,NA,imputed,Very High
E01004669,0,NA,NA,NA,NA,NA,imputed,Very High
E01004670,0,NA,NA,NA,NA,NA,imputed,Very High
E01004674,0,NA,NA,NA,NA,NA,imputed,Very High
E01004675,0,NA,NA,NA,NA,NA,imputed,Very High
E01004676,0,NA,NA,NA,NA,NA,imputed,Very High
E01004677,0,NA,NA,NA,NA,NA,imputed,Very High
E01004678,0,NA,NA,NA,NA,NA,imputed,Very High
E01004679,0,NA,NA,NA,NA,NA,imputed,Very High
E01004680,0,NA,NA,NA,NA,NA,imputed,Very High
E01004681,0,NA,NA,NA,NA,NA,imputed,Very High
E01004682,0,NA,NA,NA,NA,NA,imputed,Very High
E01004683,0,NA,NA,NA,NA,NA,imputed,Very High
E01004684,0,NA,NA,NA,NA,NA,imputed,Very High
E01004686,0,NA,NA,NA,NA,NA,imputed,Very High
E01004687,0,NA,NA,NA,NA,NA,imputed,Very High
E01004688,0,NA,NA,NA,NA,NA,imputed,Very High
E01004689,0,NA,NA,NA,NA,NA,imputed,Very High
E01004690,0,NA,NA,NA,NA,NA,imputed,Very High
E01004691,0,NA,NA,NA,NA,NA,imputed,Very High
E01004692,0,NA,NA,NA,NA,NA,imputed,Very High
E01004693,0,NA,NA,NA,NA,NA,imputed,Very High
E01004694,0,NA,NA,NA,NA,NA,imputed,Very High
E01004695,0,NA,NA,NA,NA,NA,imputed,Very High
E01004696,0,NA,NA,NA,NA,NA,imputed,Very High
E01004697,0,NA,NA,NA,NA,NA,imputed,Very High
E01004698,0,NA,NA,NA,NA,NA,imputed,Very High
E01004699,0,NA,NA,NA,NA,NA,imputed,Very High
E01004700,0,NA,NA,NA,NA,NA,imputed,Very High
E01004701,0,NA,NA,NA,NA,NA,imputed,Very High
E01004702,0,NA,NA,NA,NA,NA,imputed,Very High
E01004703,0,NA,NA,NA,NA,NA,imputed,Very High
E01004705,0,NA,NA,NA,NA,NA,imputed,Very High
E01004706,0,NA,NA,NA,NA,NA,imputed,Very High
E01004707,0,NA,NA,NA,NA,NA,imputed,Very High
E01004708,0,NA,NA,NA,NA,NA,imputed,Very High
E01004709,0,NA,NA,NA,NA,NA,imputed,Very High
E01004710,0,NA,NA,NA,NA,NA,imputed,Very High
E01004711,0,NA,NA,NA,NA,NA,imputed,Very High
E01004712,0,NA,NA,NA,NA,NA,imputed,Very High
E01004713,0,NA,NA,NA,NA,NA,imputed,Very High
E01004714,0,NA,NA,NA,NA,NA,imputed,Very High
E01004715,0,NA,NA,NA,NA,NA,imputed,Very High
E01004716,0,NA,NA,NA,NA,NA,imputed,Very High
E01004717,0,NA,NA,NA,NA,NA,imputed,Very High
E01004718,0,NA,NA,NA,NA,NA,imputed,Very High
E01004719,0,NA,NA,NA,NA,NA,imputed,Very High
E01004720,0,NA,NA,NA,NA,NA,imputed,Very High
E01004721,0,NA,NA,NA,NA,NA,imputed,Very High
E01004722,0,NA,NA,NA,NA,NA,imputed,Very High
E01004723,0,NA,NA,NA,NA,NA,imputed,Very High
E01004724,0,NA,NA,NA,NA,NA,imputed,Very High
E01004725,0,NA,NA,NA,NA,NA,imputed,Very High
E01004726,0,NA,NA,NA,NA,NA,imputed,Very High
E01004727,0,NA,NA,NA,NA,NA,imputed,Very High
E01004728,0,NA,NA,NA,NA,NA,imputed,Very High
E01004729,0,NA,NA,NA,NA,NA,imputed,Very High
E01004730,0,NA,NA,NA,NA,NA,imputed,Very High
E01004731,0,NA,NA,NA,NA,NA,imputed,Very High
E01004732,0,NA,NA,NA,NA,NA,imputed,Very High
E01004733,0,NA,NA,NA,NA,NA,imputed,Very High
E01004734,0,NA,NA,NA,NA,NA,imputed,Very High
E01004735,0,NA,NA,NA,NA,NA,imputed,Very High
E01004736,0,NA,NA,NA,NA,NA,imputed,Very High
E01004737,0,NA,NA,NA,NA,NA,imputed,Very High
E01004738,0,NA,NA,NA,NA,NA,imputed,Very High
E01004739,0,NA,NA,NA,NA,NA,imputed,Very High
E01004740,0,NA,NA,NA,NA,NA,imputed,Very High
E01004741,0,NA,NA,NA,NA,NA,imputed,Very High
E01004742,0,NA,NA,NA,NA,NA,imputed,Very High
E01004743,0,NA,NA,NA,NA,NA,imputed,Very High
E01004744,0,NA,NA,NA,NA,NA,imputed,Very High
E01004745,0,NA,NA,NA,NA,NA,imputed,Very High
E01004746,0,NA,NA,NA,NA,NA,imputed,Very High
E01004747,0,NA,NA,NA,NA,NA,imputed,Very High
E01004748,0,NA,NA,NA,NA,NA,imputed,Very High
E01004749,0,NA,NA,NA,NA,NA,imputed,Very High
E01004750,0,NA,NA,NA,NA,NA,imputed,Very High
E01004751,0,NA,NA,NA,NA,NA,imputed,Very High
E01004752,0,NA,NA,NA,NA,NA,imputed,Very High
E01004753,0,NA,NA,NA,NA,NA,imputed,Very High
E01004754,0,NA,NA,NA,NA,NA,imputed,Very High
E01004755,0,NA,NA,NA,NA,NA,imputed,Very High
E01004756,0,NA,NA,NA,NA,NA,imputed,Very High
E01004757,0,NA,NA,NA,NA,NA,imputed,Very High
E01004760,0,NA,NA,NA,NA,NA,imputed,Very High
E01004761,0,NA,NA,NA,NA,NA,imputed,Very High
E01004762,0,NA,NA,NA,NA,NA,imputed,Very High
E01004763,0,NA,NA,NA,NA,NA,imputed,Very High
E01004765,0,NA,NA,NA,NA,NA,imputed,Very High
E01032512,0,NA,NA,NA,NA,NA,imputed,Very High
E01032513,0,NA,NA,NA,NA,NA,imputed,Very High
E01032564,0,NA,NA,NA,NA,NA,imputed,Very High
E01032565,0,NA,NA,NA,NA,NA,imputed,Very High
E01032567,0,NA,NA,NA,NA,NA,imputed,Very High
E01032579,0,NA,NA,NA,NA,NA,imputed,Very High
E01032582,0,NA,NA,NA,NA,NA,imputed,Very High
E01032583,0,NA,NA,NA,NA,NA,imputed,Very High
E01032584,0,NA,NA,NA,NA,NA,imputed,Very High
E01032637,0,NA,NA,NA,NA,NA,imputed,Very High
E01032638,0,NA,NA,NA,NA,NA,imputed,Very High
E01032639,0,NA,NA,NA,NA,NA,imputed,Very High
E01032640,0,NA,NA,NA,NA,NA,imputed,Very High
E01032646,0,NA,NA,NA,NA,NA,imputed,Very High
E01032719,0,NA,NA,NA,NA,NA,imputed,Very High
E01032720,0,NA,NA,NA,NA,NA,imputed,Very High
E01032722,0,NA,NA,NA,NA,NA,imputed,Very High
E01032764,0,NA,NA,NA,NA,NA,imputed,Very High
E01032765,0,NA,NA,NA,NA,NA,imputed,Very High
E01032766,0,NA,NA,NA,NA,NA,imputed,Very High
E01032767,0,NA,NA,NA,NA,NA,imputed,Very High
E01032768,0,NA,NA,NA,NA,NA,imputed,Very High
E01032769,0,NA,NA,NA,NA,NA,imputed,Very High
E01032770,0,NA,NA,NA,NA,NA,imputed,Very High
E01032771,0,NA,NA,NA,NA,NA,imputed,Very High
E01032772,0,NA,NA,NA,NA,NA,imputed,Very High
E01032773,0,NA,NA,NA,NA,NA,imputed,Very High
E01032774,0,NA,NA,NA,NA,NA,imputed,Very High
E01032775,0,NA,NA,NA,NA,NA,imputed,Very High
E01032776,0,NA,NA,NA,NA,NA,imputed,Very High
E01032777,0,NA,NA,NA,NA,NA,imputed,Very High
E01032778,0,NA,NA,NA,NA,NA,imputed,Very High
E01032779,0,NA,NA,NA,NA,NA,imputed,Very High
E01032780,0,NA,NA,NA,NA,NA,imputed,Very High
E01032781,0,NA,NA,NA,NA,NA,imputed,Very High
E01032782,0,NA,NA,NA,NA,NA,imputed,Very High
E01032783,0,NA,NA,NA,NA,NA,imputed,Very High
E01032784,0,NA,NA,NA,NA,NA,imputed,Very High
E01032785,0,NA,NA,NA,NA,NA,imputed,Very High
E01032786,0,NA,NA,NA,NA,NA,imputed,Very High
E01032787,0,NA,NA,NA,NA,NA,imputed,Very High
E01032788,0,NA,NA,NA,NA,NA,imputed,Very High
E01032789,0,NA,NA,NA,NA,NA,imputed,Very High
E01032790,0,NA,NA,NA,NA,NA,imputed,Very High
E01032803,0,NA,NA,NA,NA,NA,imputed,Very High
E01032805,0,NA,NA,NA,NA,NA,imputed,Very High
E01032834,0,NA,NA,NA,NA,NA,imputed,Very High
E01033093,0,NA,NA,NA,NA,NA,imputed,Very High
E01033098,0,NA,NA,NA,NA,NA,imputed,Very High
E01033099,0,NA,NA,NA,NA,NA,imputed,Very High
E01033100,0,NA,NA,NA,NA,NA,imputed,Very High
E01033101,0,NA,NA,NA,NA,NA,imputed,Very High
E01033132,0,NA,NA,NA,NA,NA,imputed,Very High
E01033133,0,NA,NA,NA,NA,NA,imputed,Very High
E01033135,0,NA,NA,NA,NA,NA,imputed,Very High
E01033207,0,NA,NA,NA,NA,NA,imputed,Very High
E01033208,0,NA,NA,NA,NA,NA,imputed,Very High
E01033320,0,NA,NA,NA,NA,NA,imputed,Very High
E01033322,0,NA,NA,NA,NA,NA,imputed,Very High
E01033324,0,NA,NA,NA,NA,NA,imputed,Very High
E01033325,0,NA,NA,NA,NA,NA,imputed,Very High
E01033327,0,NA,NA,NA,NA,NA,imputed,Very High
E01033341,0,NA,NA,NA,NA,NA,imputed,Very High
E01033486,0,NA,NA,NA,NA,NA,imputed,Very High
E01033487,0,NA,NA,NA,NA,NA,imputed,Very High
E01033488,0,NA,NA,NA,NA,NA,imputed,Very High
E01033489,0,NA,NA,NA,NA,NA,imputed,Very High
E01033490,0,NA,NA,NA,NA,NA,imputed,Very High
E01033491,0,NA,NA,NA,NA,NA,imputed,Very High
E01033492,0,NA,NA,NA,NA,NA,imputed,Very High
E01033493,0,NA,NA,NA,NA,NA,imputed,Very High
E01033494,0,NA,NA,NA,NA,NA,imputed,Very High
E01033593,0,NA,NA,NA,NA,NA,imputed,Very High
E01033594,0,NA,NA,NA,NA,NA,imputed,Very High
E01033595,0,NA,NA,NA,NA,NA,imputed,Very High
E01033596,0,NA,NA,NA,NA,NA,imputed,Very High
E01033597,0,NA,NA,NA,NA,NA,imputed,Very High
E01033598,0,NA,NA,NA,NA,NA,imputed,Very High
E01033599,0,NA,NA,NA,NA,NA,imputed,Very High
E01033600,0,NA,NA,NA,NA,NA,imputed,Very High
E01033601,0,NA,NA,NA,NA,NA,imputed,Very High
E01033602,0,NA,NA,NA,NA,NA,imputed,Very High
E01033603,0,NA,NA,NA,NA,NA,imputed,Very High
E01033604,0,NA,NA,NA,NA,NA,imputed,Very High
E01033605,0,NA,NA,NA,NA,NA,imputed,Very High
E01033606,0,NA,NA,NA,NA,NA,imputed,Very High
E01033607,0,NA,NA,NA,NA,NA,imputed,Very High
E01033608,0,NA,NA,NA,NA,NA,imputed,Very High
E01033698,0,NA,NA,NA,NA,NA,imputed,Very High
E01033699,0,NA,NA,NA,NA,NA,imputed,Very High
E01033700,0,NA,NA,NA,NA,NA,imputed,Very High
E01033701,0,NA,NA,NA,NA,NA,imputed,Very High
E01033702,0,NA,NA,NA,NA,NA,imputed,Very High
E01033703,0,NA,NA,NA,NA,NA,imputed,Very High
E01033704,0,NA,NA,NA,NA,NA,imputed,Very High
E01033705,0,NA,NA,NA,NA,NA,imputed,Very High
E01033706,0,NA,NA,NA,NA,NA,imputed,Very High
E01033707,0,NA,NA,NA,NA,NA,imputed,Very High
E01033708,0,NA,NA,NA,NA,NA,imputed,Very High
E01033709,0,NA,NA,NA,NA,NA,imputed,Very High
E01033710,0,NA,NA,NA,NA,NA,imputed,Very High
E01033711,0,NA,NA,NA,NA,NA,imputed,Very High
E01033712,0,NA,NA,NA,NA,NA,imputed,Very High
E01033713,0,NA,NA,NA,NA,NA,imputed,Very High
E01033726,0,NA,NA,NA,NA,NA,imputed,Very High
E01033727,0,NA,NA,NA,NA,NA,imputed,Very High
E01033728,0,NA,NA,NA,NA,NA,imputed,Very High
E01033729,0,NA,NA,NA,NA,NA,imputed,Very High
E01033730,0,NA,NA,NA,NA,NA,imputed,Very High
E01033731,0,NA,NA,NA,NA,NA,imputed,Very High
E01033732,0,NA,NA,NA,NA,NA,imputed,Very High
E01033733,0,NA,NA,NA,NA,NA,imputed,Very High
E01033734,0,NA,NA,NA,NA,NA,imputed,Very High
E01033735,0,NA,NA,NA,NA,NA,imputed,Very High
E01033736,0,NA,NA,NA,NA,NA,imputed,Very High
E01033737,0,NA,NA,NA,NA,NA,imputed,Very High
E01033738,0,NA,NA,NA,NA,NA,imputed,Very High
E01033739,0,NA,NA,NA,NA,NA,imputed,Very High
E01033740,0,NA,NA,NA,NA,NA,imputed,Very High
E01033741,0,NA,NA,NA,NA,NA,imputed,Very High
E01033742,0,NA,NA,NA,NA,NA,imputed,Very High
E01033743,0,NA,NA,NA,NA,NA,imputed,Very High
E01033744,0,NA,NA,NA,NA,NA,imputed,Very High
E01033745,0,NA,NA,NA,NA,NA,imputed,Very High
E01033746,0,NA,NA,NA,NA,NA,imputed,Very High
